[2026-01-30 14:57:02] [INFO] PikSend: PikSend plugin initialized
[2026-01-30 14:57:20] [INFO] PikSend: PikSend plugin initialized
[2026-01-30 14:58:23] [INFO] PikSend: PikSend plugin initialized
[2026-01-30 14:58:24] [WARN] PikSendRetry: Attempt 1/4 failed for unknown: PikSend.lrplugin/tests/test_retry.lua:173: Temporary failure
[2026-01-30 14:58:24] [INFO] PikSendRetry: Retrying unknown (attempt 1/3)
[2026-01-30 14:58:24] [WARN] PikSendRetry: Attempt 2/4 failed for unknown: PikSend.lrplugin/tests/test_retry.lua:173: Temporary failure
[2026-01-30 14:58:24] [INFO] PikSendRetry: Retrying unknown (attempt 2/3)
[2026-01-30 14:58:24] [INFO] PikSendRetry: Retry successful for unknown after 2 attempt(s)
[2026-01-30 14:58:24] [WARN] PikSendRetry: Attempt 1/4 failed for unknown: PikSend.lrplugin/tests/test_retry.lua:188: Permanent failure
[2026-01-30 14:58:24] [INFO] PikSendRetry: Retrying unknown (attempt 1/3)
[2026-01-30 14:58:24] [WARN] PikSendRetry: Attempt 2/4 failed for unknown: PikSend.lrplugin/tests/test_retry.lua:188: Permanent failure
[2026-01-30 14:58:24] [INFO] PikSendRetry: Retrying unknown (attempt 2/3)
[2026-01-30 14:58:24] [WARN] PikSendRetry: Attempt 3/4 failed for unknown: PikSend.lrplugin/tests/test_retry.lua:188: Permanent failure
[2026-01-30 14:58:24] [INFO] PikSendRetry: Retrying unknown (attempt 3/3)
[2026-01-30 14:58:24] [WARN] PikSendRetry: Attempt 4/4 failed for unknown: PikSend.lrplugin/tests/test_retry.lua:188: Permanent failure
[2026-01-30 14:58:24] [ERROR] PikSendRetry: All retry attempts failed for unknown after 4 attempt(s): PikSend.lrplugin/tests/test_retry.lua:188: Permanent failure
[2026-01-30 14:58:24] [WARN] PikSendRetry: Attempt 1/4 failed for unknown: PikSend.lrplugin/tests/test_retry.lua:201: Error
[2026-01-30 14:58:24] [INFO] PikSendRetry: Retrying unknown (attempt 1/3)
[2026-01-30 14:58:24] [WARN] PikSendRetry: Attempt 2/4 failed for unknown: PikSend.lrplugin/tests/test_retry.lua:201: Error
[2026-01-30 14:58:24] [INFO] PikSendRetry: Stopping retries for unknown (shouldRetry returned false)
[2026-01-30 14:58:24] [ERROR] PikSendRetry: All retry attempts failed for unknown after 4 attempt(s): PikSend.lrplugin/tests/test_retry.lua:201: Error
[2026-01-30 14:58:24] [WARN] PikSendRetry: Attempt 1/4 failed for unknown: PikSend.lrplugin/tests/test_retry.lua:219: Error
[2026-01-30 14:58:24] [INFO] PikSendRetry: Retrying unknown (attempt 1/3)
[2026-01-30 14:58:24] [WARN] PikSendRetry: Attempt 2/4 failed for unknown: PikSend.lrplugin/tests/test_retry.lua:219: Error
[2026-01-30 14:58:24] [INFO] PikSendRetry: Retrying unknown (attempt 2/3)
[2026-01-30 14:58:24] [INFO] PikSendRetry: Retry successful for unknown after 2 attempt(s)
[2026-01-30 14:58:32] [INFO] PikSend: PikSend plugin initialized
[2026-01-30 14:58:49] [INFO] PikSend: PikSend plugin initialized
[2026-01-30 14:58:49] [WARN] PikSendRetry: Attempt 1/6 failed for unknown: PikSend.lrplugin/tests/test_retry_properties.lua:124: Always fail
[2026-01-30 14:58:49] [INFO] PikSendRetry: Retrying unknown (attempt 1/5)
[2026-01-30 14:58:49] [WARN] PikSendRetry: Attempt 2/6 failed for unknown: PikSend.lrplugin/tests/test_retry_properties.lua:124: Always fail
[2026-01-30 14:58:49] [INFO] PikSendRetry: Retrying unknown (attempt 2/5)
[2026-01-30 14:58:49] [WARN] PikSendRetry: Attempt 3/6 failed for unknown: PikSend.lrplugin/tests/test_retry_properties.lua:124: Always fail
[2026-01-30 14:58:49] [INFO] PikSendRetry: Retrying unknown (attempt 3/5)
[2026-01-30 14:58:49] [WARN] PikSendRetry: Attempt 4/6 failed for unknown: PikSend.lrplugin/tests/test_retry_properties.lua:124: Always fail
[2026-01-30 14:58:49] [INFO] PikSendRetry: Retrying unknown (attempt 4/5)
[2026-01-30 14:58:49] [WARN] PikSendRetry: Attempt 5/6 failed for unknown: PikSend.lrplugin/tests/test_retry_properties.lua:124: Always fail
[2026-01-30 14:58:49] [INFO] PikSendRetry: Retrying unknown (attempt 5/5)
[2026-01-30 14:58:49] [WARN] PikSendRetry: Attempt 6/6 failed for unknown: PikSend.lrplugin/tests/test_retry_properties.lua:124: Always fail
[2026-01-30 14:58:49] [ERROR] PikSendRetry: All retry attempts failed for unknown after 6 attempt(s): PikSend.lrplugin/tests/test_retry_properties.lua:124: Always fail
[2026-01-30 14:58:49] [WARN] PikSendRetry: Attempt 1/2 failed for unknown: PikSend.lrplugin/tests/test_retry_properties.lua:124: Always fail
[2026-01-30 14:58:49] [INFO] PikSendRetry: Retrying unknown (attempt 1/1)
[2026-01-30 14:58:49] [WARN] PikSendRetry: Attempt 2/2 failed for unknown: PikSend.lrplugin/tests/test_retry_properties.lua:124: Always fail
[2026-01-30 14:58:49] [ERROR] PikSendRetry: All retry attempts failed for unknown after 2 attempt(s): PikSend.lrplugin/tests/test_retry_properties.lua:124: Always fail
[2026-01-30 14:58:49] [WARN] PikSendRetry: Attempt 1/2 failed for unknown: PikSend.lrplugin/tests/test_retry_properties.lua:124: Always fail
[2026-01-30 14:58:49] [INFO] PikSendRetry: Retrying unknown (attempt 1/1)
[2026-01-30 14:58:49] [WARN] PikSendRetry: Attempt 2/2 failed for unknown: PikSend.lrplugin/tests/test_retry_properties.lua:124: Always fail
[2026-01-30 14:58:49] [ERROR] PikSendRetry: All retry attempts failed for unknown after 2 attempt(s): PikSend.lrplugin/tests/test_retry_properties.lua:124: Always fail
[2026-01-30 14:58:49] [WARN] PikSendRetry: Attempt 1/4 failed for unknown: PikSend.lrplugin/tests/test_retry_properties.lua:124: Always fail
[2026-01-30 14:58:49] [INFO] PikSendRetry: Retrying unknown (attempt 1/3)
[2026-01-30 14:58:49] [WARN] PikSendRetry: Attempt 2/4 failed for unknown: PikSend.lrplugin/tests/test_retry_properties.lua:124: Always fail
[2026-01-30 14:58:49] [INFO] PikSendRetry: Retrying unknown (attempt 2/3)
[2026-01-30 14:58:49] [WARN] PikSendRetry: Attempt 3/4 failed for unknown: PikSend.lrplugin/tests/test_retry_properties.lua:124: Always fail
[2026-01-30 14:58:49] [INFO] PikSendRetry: Retrying unknown (attempt 3/3)
[2026-01-30 14:58:49] [WARN] PikSendRetry: Attempt 4/4 failed for unknown: PikSend.lrplugin/tests/test_retry_properties.lua:124: Always fail
[2026-01-30 14:58:49] [ERROR] PikSendRetry: All retry attempts failed for unknown after 4 attempt(s): PikSend.lrplugin/tests/test_retry_properties.lua:124: Always fail
[2026-01-30 14:58:49] [WARN] PikSendRetry: Attempt 1/1 failed for unknown: PikSend.lrplugin/tests/test_retry_properties.lua:124: Always fail
[2026-01-30 14:58:49] [ERROR] PikSendRetry: All retry attempts failed for unknown after 1 attempt(s): PikSend.lrplugin/tests/test_retry_properties.lua:124: Always fail
[2026-01-30 14:58:49] [WARN] PikSendRetry: Attempt 1/4 failed for unknown: PikSend.lrplugin/tests/test_retry_properties.lua:124: Always fail
[2026-01-30 14:58:49] [INFO] PikSendRetry: Retrying unknown (attempt 1/3)
[2026-01-30 14:58:49] [WARN] PikSendRetry: Attempt 2/4 failed for unknown: PikSend.lrplugin/tests/test_retry_properties.lua:124: Always fail
[2026-01-30 14:58:49] [INFO] PikSendRetry: Retrying unknown (attempt 2/3)
[2026-01-30 14:58:49] [WARN] PikSendRetry: Attempt 3/4 failed for unknown: PikSend.lrplugin/tests/test_retry_properties.lua:124: Always fail
[2026-01-30 14:58:49] [INFO] PikSendRetry: Retrying unknown (attempt 3/3)
[2026-01-30 14:58:49] [WARN] PikSendRetry: Attempt 4/4 failed for unknown: PikSend.lrplugin/tests/test_retry_properties.lua:124: Always fail
[2026-01-30 14:58:49] [ERROR] PikSendRetry: All retry attempts failed for unknown after 4 attempt(s): PikSend.lrplugin/tests/test_retry_properties.lua:124: Always fail
[2026-01-30 14:58:49] [WARN] PikSendRetry: Attempt 1/5 failed for unknown: PikSend.lrplugin/tests/test_retry_properties.lua:124: Always fail
[2026-01-30 14:58:49] [INFO] PikSendRetry: Retrying unknown (attempt 1/4)
[2026-01-30 14:58:49] [WARN] PikSendRetry: Attempt 2/5 failed for unknown: PikSend.lrplugin/tests/test_retry_properties.lua:124: Always fail
[2026-01-30 14:58:49] [INFO] PikSendRetry: Retrying unknown (attempt 2/4)
[2026-01-30 14:58:49] [WARN] PikSendRetry: Attempt 3/5 failed for unknown: PikSend.lrplugin/tests/test_retry_properties.lua:124: Always fail
[2026-01-30 14:58:49] [INFO] PikSendRetry: Retrying unknown (attempt 3/4)
[2026-01-30 14:58:49] [WARN] PikSendRetry: Attempt 4/5 failed for unknown: PikSend.lrplugin/tests/test_retry_properties.lua:124: Always fail
[2026-01-30 14:58:49] [INFO] PikSendRetry: Retrying unknown (attempt 4/4)
[2026-01-30 14:58:49] [WARN] PikSendRetry: Attempt 5/5 failed for unknown: PikSend.lrplugin/tests/test_retry_properties.lua:124: Always fail
[2026-01-30 14:58:49] [ERROR] PikSendRetry: All retry attempts failed for unknown after 5 attempt(s): PikSend.lrplugin/tests/test_retry_properties.lua:124: Always fail
[2026-01-30 14:58:49] [WARN] PikSendRetry: Attempt 1/1 failed for unknown: PikSend.lrplugin/tests/test_retry_properties.lua:124: Always fail
[2026-01-30 14:58:49] [ERROR] PikSendRetry: All retry attempts failed for unknown after 1 attempt(s): PikSend.lrplugin/tests/test_retry_properties.lua:124: Always fail
[2026-01-30 14:58:49] [WARN] PikSendRetry: Attempt 1/2 failed for unknown: PikSend.lrplugin/tests/test_retry_properties.lua:124: Always fail
[2026-01-30 14:58:49] [INFO] PikSendRetry: Retrying unknown (attempt 1/1)
[2026-01-30 14:58:49] [WARN] PikSendRetry: Attempt 2/2 failed for unknown: PikSend.lrplugin/tests/test_retry_properties.lua:124: Always fail
[2026-01-30 14:58:49] [ERROR] PikSendRetry: All retry attempts failed for unknown after 2 attempt(s): PikSend.lrplugin/tests/test_retry_properties.lua:124: Always fail
[2026-01-30 14:58:49] [WARN] PikSendRetry: Attempt 1/1 failed for unknown: PikSend.lrplugin/tests/test_retry_properties.lua:124: Always fail
[2026-01-30 14:58:49] [ERROR] PikSendRetry: All retry attempts failed for unknown after 1 attempt(s): PikSend.lrplugin/tests/test_retry_properties.lua:124: Always fail
[2026-01-30 14:58:49] [WARN] PikSendRetry: Attempt 1/2 failed for unknown: PikSend.lrplugin/tests/test_retry_properties.lua:124: Always fail
[2026-01-30 14:58:49] [INFO] PikSendRetry: Retrying unknown (attempt 1/1)
[2026-01-30 14:58:49] [WARN] PikSendRetry: Attempt 2/2 failed for unknown: PikSend.lrplugin/tests/test_retry_properties.lua:124: Always fail
[2026-01-30 14:58:49] [ERROR] PikSendRetry: All retry attempts failed for unknown after 2 attempt(s): PikSend.lrplugin/tests/test_retry_properties.lua:124: Always fail
[2026-01-30 14:58:49] [WARN] PikSendRetry: Attempt 1/2 failed for unknown: PikSend.lrplugin/tests/test_retry_properties.lua:124: Always fail
[2026-01-30 14:58:49] [INFO] PikSendRetry: Retrying unknown (attempt 1/1)
[2026-01-30 14:58:49] [WARN] PikSendRetry: Attempt 2/2 failed for unknown: PikSend.lrplugin/tests/test_retry_properties.lua:124: Always fail
[2026-01-30 14:58:49] [ERROR] PikSendRetry: All retry attempts failed for unknown after 2 attempt(s): PikSend.lrplugin/tests/test_retry_properties.lua:124: Always fail
[2026-01-30 14:58:49] [WARN] PikSendRetry: Attempt 1/5 failed for unknown: PikSend.lrplugin/tests/test_retry_properties.lua:124: Always fail
[2026-01-30 14:58:49] [INFO] PikSendRetry: Retrying unknown (attempt 1/4)
[2026-01-30 14:58:49] [WARN] PikSendRetry: Attempt 2/5 failed for unknown: PikSend.lrplugin/tests/test_retry_properties.lua:124: Always fail
[2026-01-30 14:58:49] [INFO] PikSendRetry: Retrying unknown (attempt 2/4)
[2026-01-30 14:58:49] [WARN] PikSendRetry: Attempt 3/5 failed for unknown: PikSend.lrplugin/tests/test_retry_properties.lua:124: Always fail
[2026-01-30 14:58:49] [INFO] PikSendRetry: Retrying unknown (attempt 3/4)
[2026-01-30 14:58:49] [WARN] PikSendRetry: Attempt 4/5 failed for unknown: PikSend.lrplugin/tests/test_retry_properties.lua:124: Always fail
[2026-01-30 14:58:49] [INFO] PikSendRetry: Retrying unknown (attempt 4/4)
[2026-01-30 14:58:49] [WARN] PikSendRetry: Attempt 5/5 failed for unknown: PikSend.lrplugin/tests/test_retry_properties.lua:124: Always fail
[2026-01-30 14:58:49] [ERROR] PikSendRetry: All retry attempts failed for unknown after 5 attempt(s): PikSend.lrplugin/tests/test_retry_properties.lua:124: Always fail
[2026-01-30 14:58:49] [WARN] PikSendRetry: Attempt 1/6 failed for unknown: PikSend.lrplugin/tests/test_retry_properties.lua:124: Always fail
[2026-01-30 14:58:49] [INFO] PikSendRetry: Retrying unknown (attempt 1/5)
[2026-01-30 14:58:49] [WARN] PikSendRetry: Attempt 2/6 failed for unknown: PikSend.lrplugin/tests/test_retry_properties.lua:124: Always fail
[2026-01-30 14:58:49] [INFO] PikSendRetry: Retrying unknown (attempt 2/5)
[2026-01-30 14:58:49] [WARN] PikSendRetry: Attempt 3/6 failed for unknown: PikSend.lrplugin/tests/test_retry_properties.lua:124: Always fail
[2026-01-30 14:58:49] [INFO] PikSendRetry: Retrying unknown (attempt 3/5)
[2026-01-30 14:58:49] [WARN] PikSendRetry: Attempt 4/6 failed for unknown: PikSend.lrplugin/tests/test_retry_properties.lua:124: Always fail
[2026-01-30 14:58:49] [INFO] PikSendRetry: Retrying unknown (attempt 4/5)
[2026-01-30 14:58:49] [WARN] PikSendRetry: Attempt 5/6 failed for unknown: PikSend.lrplugin/tests/test_retry_properties.lua:124: Always fail
[2026-01-30 14:58:49] [INFO] PikSendRetry: Retrying unknown (attempt 5/5)
[2026-01-30 14:58:49] [WARN] PikSendRetry: Attempt 6/6 failed for unknown: PikSend.lrplugin/tests/test_retry_properties.lua:124: Always fail
[2026-01-30 14:58:49] [ERROR] PikSendRetry: All retry attempts failed for unknown after 6 attempt(s): PikSend.lrplugin/tests/test_retry_properties.lua:124: Always fail
[2026-01-30 14:58:49] [WARN] PikSendRetry: Attempt 1/5 failed for unknown: PikSend.lrplugin/tests/test_retry_properties.lua:124: Always fail
[2026-01-30 14:58:49] [INFO] PikSendRetry: Retrying unknown (attempt 1/4)
[2026-01-30 14:58:49] [WARN] PikSendRetry: Attempt 2/5 failed for unknown: PikSend.lrplugin/tests/test_retry_properties.lua:124: Always fail
[2026-01-30 14:58:49] [INFO] PikSendRetry: Retrying unknown (attempt 2/4)
[2026-01-30 14:58:49] [WARN] PikSendRetry: Attempt 3/5 failed for unknown: PikSend.lrplugin/tests/test_retry_properties.lua:124: Always fail
[2026-01-30 14:58:49] [INFO] PikSendRetry: Retrying unknown (attempt 3/4)
[2026-01-30 14:58:49] [WARN] PikSendRetry: Attempt 4/5 failed for unknown: PikSend.lrplugin/tests/test_retry_properties.lua:124: Always fail
[2026-01-30 14:58:49] [INFO] PikSendRetry: Retrying unknown (attempt 4/4)
[2026-01-30 14:58:49] [WARN] PikSendRetry: Attempt 5/5 failed for unknown: PikSend.lrplugin/tests/test_retry_properties.lua:124: Always fail
[2026-01-30 14:58:49] [ERROR] PikSendRetry: All retry attempts failed for unknown after 5 attempt(s): PikSend.lrplugin/tests/test_retry_properties.lua:124: Always fail
[2026-01-30 14:58:49] [WARN] PikSendRetry: Attempt 1/1 failed for unknown: PikSend.lrplugin/tests/test_retry_properties.lua:124: Always fail
[2026-01-30 14:58:49] [ERROR] PikSendRetry: All retry attempts failed for unknown after 1 attempt(s): PikSend.lrplugin/tests/test_retry_properties.lua:124: Always fail
[2026-01-30 14:58:49] [WARN] PikSendRetry: Attempt 1/2 failed for unknown: PikSend.lrplugin/tests/test_retry_properties.lua:124: Always fail
[2026-01-30 14:58:49] [INFO] PikSendRetry: Retrying unknown (attempt 1/1)
[2026-01-30 14:58:49] [WARN] PikSendRetry: Attempt 2/2 failed for unknown: PikSend.lrplugin/tests/test_retry_properties.lua:124: Always fail
[2026-01-30 14:58:49] [ERROR] PikSendRetry: All retry attempts failed for unknown after 2 attempt(s): PikSend.lrplugin/tests/test_retry_properties.lua:124: Always fail
[2026-01-30 14:58:49] [WARN] PikSendRetry: Attempt 1/1 failed for unknown: PikSend.lrplugin/tests/test_retry_properties.lua:124: Always fail
[2026-01-30 14:58:49] [ERROR] PikSendRetry: All retry attempts failed for unknown after 1 attempt(s): PikSend.lrplugin/tests/test_retry_properties.lua:124: Always fail
[2026-01-30 14:58:49] [WARN] PikSendRetry: Attempt 1/4 failed for unknown: PikSend.lrplugin/tests/test_retry_properties.lua:124: Always fail
[2026-01-30 14:58:49] [INFO] PikSendRetry: Retrying unknown (attempt 1/3)
[2026-01-30 14:58:49] [WARN] PikSendRetry: Attempt 2/4 failed for unknown: PikSend.lrplugin/tests/test_retry_properties.lua:124: Always fail
[2026-01-30 14:58:49] [INFO] PikSendRetry: Retrying unknown (attempt 2/3)
[2026-01-30 14:58:49] [WARN] PikSendRetry: Attempt 3/4 failed for unknown: PikSend.lrplugin/tests/test_retry_properties.lua:124: Always fail
[2026-01-30 14:58:49] [INFO] PikSendRetry: Retrying unknown (attempt 3/3)
[2026-01-30 14:58:49] [WARN] PikSendRetry: Attempt 4/4 failed for unknown: PikSend.lrplugin/tests/test_retry_properties.lua:124: Always fail
[2026-01-30 14:58:49] [ERROR] PikSendRetry: All retry attempts failed for unknown after 4 attempt(s): PikSend.lrplugin/tests/test_retry_properties.lua:124: Always fail
[2026-01-30 14:58:49] [WARN] PikSendRetry: Attempt 1/1 failed for unknown: PikSend.lrplugin/tests/test_retry_properties.lua:124: Always fail
[2026-01-30 14:58:49] [ERROR] PikSendRetry: All retry attempts failed for unknown after 1 attempt(s): PikSend.lrplugin/tests/test_retry_properties.lua:124: Always fail
[2026-01-30 14:58:49] [WARN] PikSendRetry: Attempt 1/3 failed for unknown: PikSend.lrplugin/tests/test_retry_properties.lua:124: Always fail
[2026-01-30 14:58:49] [INFO] PikSendRetry: Retrying unknown (attempt 1/2)
[2026-01-30 14:58:49] [WARN] PikSendRetry: Attempt 2/3 failed for unknown: PikSend.lrplugin/tests/test_retry_properties.lua:124: Always fail
[2026-01-30 14:58:49] [INFO] PikSendRetry: Retrying unknown (attempt 2/2)
[2026-01-30 14:58:49] [WARN] PikSendRetry: Attempt 3/3 failed for unknown: PikSend.lrplugin/tests/test_retry_properties.lua:124: Always fail
[2026-01-30 14:58:49] [ERROR] PikSendRetry: All retry attempts failed for unknown after 3 attempt(s): PikSend.lrplugin/tests/test_retry_properties.lua:124: Always fail
[2026-01-30 14:58:49] [WARN] PikSendRetry: Attempt 1/6 failed for unknown: PikSend.lrplugin/tests/test_retry_properties.lua:124: Always fail
[2026-01-30 14:58:49] [INFO] PikSendRetry: Retrying unknown (attempt 1/5)
[2026-01-30 14:58:49] [WARN] PikSendRetry: Attempt 2/6 failed for unknown: PikSend.lrplugin/tests/test_retry_properties.lua:124: Always fail
[2026-01-30 14:58:49] [INFO] PikSendRetry: Retrying unknown (attempt 2/5)
[2026-01-30 14:58:49] [WARN] PikSendRetry: Attempt 3/6 failed for unknown: PikSend.lrplugin/tests/test_retry_properties.lua:124: Always fail
[2026-01-30 14:58:49] [INFO] PikSendRetry: Retrying unknown (attempt 3/5)
[2026-01-30 14:58:49] [WARN] PikSendRetry: Attempt 4/6 failed for unknown: PikSend.lrplugin/tests/test_retry_properties.lua:124: Always fail
[2026-01-30 14:58:49] [INFO] PikSendRetry: Retrying unknown (attempt 4/5)
[2026-01-30 14:58:49] [WARN] PikSendRetry: Attempt 5/6 failed for unknown: PikSend.lrplugin/tests/test_retry_properties.lua:124: Always fail
[2026-01-30 14:58:49] [INFO] PikSendRetry: Retrying unknown (attempt 5/5)
[2026-01-30 14:58:49] [WARN] PikSendRetry: Attempt 6/6 failed for unknown: PikSend.lrplugin/tests/test_retry_properties.lua:124: Always fail
[2026-01-30 14:58:49] [ERROR] PikSendRetry: All retry attempts failed for unknown after 6 attempt(s): PikSend.lrplugin/tests/test_retry_properties.lua:124: Always fail
[2026-01-30 14:58:49] [WARN] PikSendRetry: Attempt 1/3 failed for unknown: PikSend.lrplugin/tests/test_retry_properties.lua:124: Always fail
[2026-01-30 14:58:49] [INFO] PikSendRetry: Retrying unknown (attempt 1/2)
[2026-01-30 14:58:50] [WARN] PikSendRetry: Attempt 2/3 failed for unknown: PikSend.lrplugin/tests/test_retry_properties.lua:124: Always fail
[2026-01-30 14:58:50] [INFO] PikSendRetry: Retrying unknown (attempt 2/2)
[2026-01-30 14:58:50] [WARN] PikSendRetry: Attempt 3/3 failed for unknown: PikSend.lrplugin/tests/test_retry_properties.lua:124: Always fail
[2026-01-30 14:58:50] [ERROR] PikSendRetry: All retry attempts failed for unknown after 3 attempt(s): PikSend.lrplugin/tests/test_retry_properties.lua:124: Always fail
[2026-01-30 14:58:50] [WARN] PikSendRetry: Attempt 1/6 failed for unknown: PikSend.lrplugin/tests/test_retry_properties.lua:124: Always fail
[2026-01-30 14:58:50] [INFO] PikSendRetry: Retrying unknown (attempt 1/5)
[2026-01-30 14:58:50] [WARN] PikSendRetry: Attempt 2/6 failed for unknown: PikSend.lrplugin/tests/test_retry_properties.lua:124: Always fail
[2026-01-30 14:58:50] [INFO] PikSendRetry: Retrying unknown (attempt 2/5)
[2026-01-30 14:58:50] [WARN] PikSendRetry: Attempt 3/6 failed for unknown: PikSend.lrplugin/tests/test_retry_properties.lua:124: Always fail
[2026-01-30 14:58:50] [INFO] PikSendRetry: Retrying unknown (attempt 3/5)
[2026-01-30 14:58:50] [WARN] PikSendRetry: Attempt 4/6 failed for unknown: PikSend.lrplugin/tests/test_retry_properties.lua:124: Always fail
[2026-01-30 14:58:50] [INFO] PikSendRetry: Retrying unknown (attempt 4/5)
[2026-01-30 14:58:50] [WARN] PikSendRetry: Attempt 5/6 failed for unknown: PikSend.lrplugin/tests/test_retry_properties.lua:124: Always fail
[2026-01-30 14:58:50] [INFO] PikSendRetry: Retrying unknown (attempt 5/5)
[2026-01-30 14:58:50] [WARN] PikSendRetry: Attempt 6/6 failed for unknown: PikSend.lrplugin/tests/test_retry_properties.lua:124: Always fail
[2026-01-30 14:58:50] [ERROR] PikSendRetry: All retry attempts failed for unknown after 6 attempt(s): PikSend.lrplugin/tests/test_retry_properties.lua:124: Always fail
[2026-01-30 14:58:50] [WARN] PikSendRetry: Attempt 1/6 failed for unknown: PikSend.lrplugin/tests/test_retry_properties.lua:124: Always fail
[2026-01-30 14:58:50] [INFO] PikSendRetry: Retrying unknown (attempt 1/5)
[2026-01-30 14:58:50] [WARN] PikSendRetry: Attempt 2/6 failed for unknown: PikSend.lrplugin/tests/test_retry_properties.lua:124: Always fail
[2026-01-30 14:58:50] [INFO] PikSendRetry: Retrying unknown (attempt 2/5)
[2026-01-30 14:58:50] [WARN] PikSendRetry: Attempt 3/6 failed for unknown: PikSend.lrplugin/tests/test_retry_properties.lua:124: Always fail
[2026-01-30 14:58:50] [INFO] PikSendRetry: Retrying unknown (attempt 3/5)
[2026-01-30 14:58:50] [WARN] PikSendRetry: Attempt 4/6 failed for unknown: PikSend.lrplugin/tests/test_retry_properties.lua:124: Always fail
[2026-01-30 14:58:50] [INFO] PikSendRetry: Retrying unknown (attempt 4/5)
[2026-01-30 14:58:50] [WARN] PikSendRetry: Attempt 5/6 failed for unknown: PikSend.lrplugin/tests/test_retry_properties.lua:124: Always fail
[2026-01-30 14:58:50] [INFO] PikSendRetry: Retrying unknown (attempt 5/5)
[2026-01-30 14:58:50] [WARN] PikSendRetry: Attempt 6/6 failed for unknown: PikSend.lrplugin/tests/test_retry_properties.lua:124: Always fail
[2026-01-30 14:58:50] [ERROR] PikSendRetry: All retry attempts failed for unknown after 6 attempt(s): PikSend.lrplugin/tests/test_retry_properties.lua:124: Always fail
[2026-01-30 14:58:50] [WARN] PikSendRetry: Attempt 1/4 failed for unknown: PikSend.lrplugin/tests/test_retry_properties.lua:124: Always fail
[2026-01-30 14:58:50] [INFO] PikSendRetry: Retrying unknown (attempt 1/3)
[2026-01-30 14:58:50] [WARN] PikSendRetry: Attempt 2/4 failed for unknown: PikSend.lrplugin/tests/test_retry_properties.lua:124: Always fail
[2026-01-30 14:58:50] [INFO] PikSendRetry: Retrying unknown (attempt 2/3)
[2026-01-30 14:58:50] [WARN] PikSendRetry: Attempt 3/4 failed for unknown: PikSend.lrplugin/tests/test_retry_properties.lua:124: Always fail
[2026-01-30 14:58:50] [INFO] PikSendRetry: Retrying unknown (attempt 3/3)
[2026-01-30 14:58:50] [WARN] PikSendRetry: Attempt 4/4 failed for unknown: PikSend.lrplugin/tests/test_retry_properties.lua:124: Always fail
[2026-01-30 14:58:50] [ERROR] PikSendRetry: All retry attempts failed for unknown after 4 attempt(s): PikSend.lrplugin/tests/test_retry_properties.lua:124: Always fail
[2026-01-30 14:58:50] [WARN] PikSendRetry: Attempt 1/3 failed for unknown: PikSend.lrplugin/tests/test_retry_properties.lua:124: Always fail
[2026-01-30 14:58:50] [INFO] PikSendRetry: Retrying unknown (attempt 1/2)
[2026-01-30 14:58:50] [WARN] PikSendRetry: Attempt 2/3 failed for unknown: PikSend.lrplugin/tests/test_retry_properties.lua:124: Always fail
[2026-01-30 14:58:50] [INFO] PikSendRetry: Retrying unknown (attempt 2/2)
[2026-01-30 14:58:50] [WARN] PikSendRetry: Attempt 3/3 failed for unknown: PikSend.lrplugin/tests/test_retry_properties.lua:124: Always fail
[2026-01-30 14:58:50] [ERROR] PikSendRetry: All retry attempts failed for unknown after 3 attempt(s): PikSend.lrplugin/tests/test_retry_properties.lua:124: Always fail
[2026-01-30 14:58:50] [WARN] PikSendRetry: Attempt 1/4 failed for unknown: PikSend.lrplugin/tests/test_retry_properties.lua:124: Always fail
[2026-01-30 14:58:50] [INFO] PikSendRetry: Retrying unknown (attempt 1/3)
[2026-01-30 14:58:50] [WARN] PikSendRetry: Attempt 2/4 failed for unknown: PikSend.lrplugin/tests/test_retry_properties.lua:124: Always fail
[2026-01-30 14:58:50] [INFO] PikSendRetry: Retrying unknown (attempt 2/3)
[2026-01-30 14:58:50] [WARN] PikSendRetry: Attempt 3/4 failed for unknown: PikSend.lrplugin/tests/test_retry_properties.lua:124: Always fail
[2026-01-30 14:58:50] [INFO] PikSendRetry: Retrying unknown (attempt 3/3)
[2026-01-30 14:58:50] [WARN] PikSendRetry: Attempt 4/4 failed for unknown: PikSend.lrplugin/tests/test_retry_properties.lua:124: Always fail
[2026-01-30 14:58:50] [ERROR] PikSendRetry: All retry attempts failed for unknown after 4 attempt(s): PikSend.lrplugin/tests/test_retry_properties.lua:124: Always fail
[2026-01-30 14:58:50] [WARN] PikSendRetry: Attempt 1/1 failed for unknown: PikSend.lrplugin/tests/test_retry_properties.lua:124: Always fail
[2026-01-30 14:58:50] [ERROR] PikSendRetry: All retry attempts failed for unknown after 1 attempt(s): PikSend.lrplugin/tests/test_retry_properties.lua:124: Always fail
[2026-01-30 14:58:50] [WARN] PikSendRetry: Attempt 1/3 failed for unknown: PikSend.lrplugin/tests/test_retry_properties.lua:124: Always fail
[2026-01-30 14:58:50] [INFO] PikSendRetry: Retrying unknown (attempt 1/2)
[2026-01-30 14:58:50] [WARN] PikSendRetry: Attempt 2/3 failed for unknown: PikSend.lrplugin/tests/test_retry_properties.lua:124: Always fail
[2026-01-30 14:58:50] [INFO] PikSendRetry: Retrying unknown (attempt 2/2)
[2026-01-30 14:58:50] [WARN] PikSendRetry: Attempt 3/3 failed for unknown: PikSend.lrplugin/tests/test_retry_properties.lua:124: Always fail
[2026-01-30 14:58:50] [ERROR] PikSendRetry: All retry attempts failed for unknown after 3 attempt(s): PikSend.lrplugin/tests/test_retry_properties.lua:124: Always fail
[2026-01-30 14:58:50] [WARN] PikSendRetry: Attempt 1/2 failed for unknown: PikSend.lrplugin/tests/test_retry_properties.lua:124: Always fail
[2026-01-30 14:58:50] [INFO] PikSendRetry: Retrying unknown (attempt 1/1)
[2026-01-30 14:58:50] [WARN] PikSendRetry: Attempt 2/2 failed for unknown: PikSend.lrplugin/tests/test_retry_properties.lua:124: Always fail
[2026-01-30 14:58:50] [ERROR] PikSendRetry: All retry attempts failed for unknown after 2 attempt(s): PikSend.lrplugin/tests/test_retry_properties.lua:124: Always fail
[2026-01-30 14:58:50] [WARN] PikSendRetry: Attempt 1/6 failed for unknown: PikSend.lrplugin/tests/test_retry_properties.lua:124: Always fail
[2026-01-30 14:58:50] [INFO] PikSendRetry: Retrying unknown (attempt 1/5)
[2026-01-30 14:58:50] [WARN] PikSendRetry: Attempt 2/6 failed for unknown: PikSend.lrplugin/tests/test_retry_properties.lua:124: Always fail
[2026-01-30 14:58:50] [INFO] PikSendRetry: Retrying unknown (attempt 2/5)
[2026-01-30 14:58:50] [WARN] PikSendRetry: Attempt 3/6 failed for unknown: PikSend.lrplugin/tests/test_retry_properties.lua:124: Always fail
[2026-01-30 14:58:50] [INFO] PikSendRetry: Retrying unknown (attempt 3/5)
[2026-01-30 14:58:50] [WARN] PikSendRetry: Attempt 4/6 failed for unknown: PikSend.lrplugin/tests/test_retry_properties.lua:124: Always fail
[2026-01-30 14:58:50] [INFO] PikSendRetry: Retrying unknown (attempt 4/5)
[2026-01-30 14:58:50] [WARN] PikSendRetry: Attempt 5/6 failed for unknown: PikSend.lrplugin/tests/test_retry_properties.lua:124: Always fail
[2026-01-30 14:58:50] [INFO] PikSendRetry: Retrying unknown (attempt 5/5)
[2026-01-30 14:58:50] [WARN] PikSendRetry: Attempt 6/6 failed for unknown: PikSend.lrplugin/tests/test_retry_properties.lua:124: Always fail
[2026-01-30 14:58:50] [ERROR] PikSendRetry: All retry attempts failed for unknown after 6 attempt(s): PikSend.lrplugin/tests/test_retry_properties.lua:124: Always fail
[2026-01-30 14:58:50] [WARN] PikSendRetry: Attempt 1/4 failed for unknown: PikSend.lrplugin/tests/test_retry_properties.lua:124: Always fail
[2026-01-30 14:58:50] [INFO] PikSendRetry: Retrying unknown (attempt 1/3)
[2026-01-30 14:58:50] [WARN] PikSendRetry: Attempt 2/4 failed for unknown: PikSend.lrplugin/tests/test_retry_properties.lua:124: Always fail
[2026-01-30 14:58:50] [INFO] PikSendRetry: Retrying unknown (attempt 2/3)
[2026-01-30 14:58:50] [WARN] PikSendRetry: Attempt 3/4 failed for unknown: PikSend.lrplugin/tests/test_retry_properties.lua:124: Always fail
[2026-01-30 14:58:50] [INFO] PikSendRetry: Retrying unknown (attempt 3/3)
[2026-01-30 14:58:50] [WARN] PikSendRetry: Attempt 4/4 failed for unknown: PikSend.lrplugin/tests/test_retry_properties.lua:124: Always fail
[2026-01-30 14:58:50] [ERROR] PikSendRetry: All retry attempts failed for unknown after 4 attempt(s): PikSend.lrplugin/tests/test_retry_properties.lua:124: Always fail
[2026-01-30 14:58:50] [WARN] PikSendRetry: Attempt 1/1 failed for unknown: PikSend.lrplugin/tests/test_retry_properties.lua:124: Always fail
[2026-01-30 14:58:50] [ERROR] PikSendRetry: All retry attempts failed for unknown after 1 attempt(s): PikSend.lrplugin/tests/test_retry_properties.lua:124: Always fail
[2026-01-30 14:58:50] [WARN] PikSendRetry: Attempt 1/1 failed for unknown: PikSend.lrplugin/tests/test_retry_properties.lua:124: Always fail
[2026-01-30 14:58:50] [ERROR] PikSendRetry: All retry attempts failed for unknown after 1 attempt(s): PikSend.lrplugin/tests/test_retry_properties.lua:124: Always fail
[2026-01-30 14:58:50] [WARN] PikSendRetry: Attempt 1/3 failed for unknown: PikSend.lrplugin/tests/test_retry_properties.lua:124: Always fail
[2026-01-30 14:58:50] [INFO] PikSendRetry: Retrying unknown (attempt 1/2)
[2026-01-30 14:58:50] [WARN] PikSendRetry: Attempt 2/3 failed for unknown: PikSend.lrplugin/tests/test_retry_properties.lua:124: Always fail
[2026-01-30 14:58:50] [INFO] PikSendRetry: Retrying unknown (attempt 2/2)
[2026-01-30 14:58:50] [WARN] PikSendRetry: Attempt 3/3 failed for unknown: PikSend.lrplugin/tests/test_retry_properties.lua:124: Always fail
[2026-01-30 14:58:50] [ERROR] PikSendRetry: All retry attempts failed for unknown after 3 attempt(s): PikSend.lrplugin/tests/test_retry_properties.lua:124: Always fail
[2026-01-30 14:58:50] [WARN] PikSendRetry: Attempt 1/5 failed for unknown: PikSend.lrplugin/tests/test_retry_properties.lua:124: Always fail
[2026-01-30 14:58:50] [INFO] PikSendRetry: Retrying unknown (attempt 1/4)
[2026-01-30 14:58:50] [WARN] PikSendRetry: Attempt 2/5 failed for unknown: PikSend.lrplugin/tests/test_retry_properties.lua:124: Always fail
[2026-01-30 14:58:50] [INFO] PikSendRetry: Retrying unknown (attempt 2/4)
[2026-01-30 14:58:50] [WARN] PikSendRetry: Attempt 3/5 failed for unknown: PikSend.lrplugin/tests/test_retry_properties.lua:124: Always fail
[2026-01-30 14:58:50] [INFO] PikSendRetry: Retrying unknown (attempt 3/4)
[2026-01-30 14:58:50] [WARN] PikSendRetry: Attempt 4/5 failed for unknown: PikSend.lrplugin/tests/test_retry_properties.lua:124: Always fail
[2026-01-30 14:58:50] [INFO] PikSendRetry: Retrying unknown (attempt 4/4)
[2026-01-30 14:58:50] [WARN] PikSendRetry: Attempt 5/5 failed for unknown: PikSend.lrplugin/tests/test_retry_properties.lua:124: Always fail
[2026-01-30 14:58:50] [ERROR] PikSendRetry: All retry attempts failed for unknown after 5 attempt(s): PikSend.lrplugin/tests/test_retry_properties.lua:124: Always fail
[2026-01-30 14:58:50] [WARN] PikSendRetry: Attempt 1/3 failed for unknown: PikSend.lrplugin/tests/test_retry_properties.lua:124: Always fail
[2026-01-30 14:58:50] [INFO] PikSendRetry: Retrying unknown (attempt 1/2)
[2026-01-30 14:58:50] [WARN] PikSendRetry: Attempt 2/3 failed for unknown: PikSend.lrplugin/tests/test_retry_properties.lua:124: Always fail
[2026-01-30 14:58:50] [INFO] PikSendRetry: Retrying unknown (attempt 2/2)
[2026-01-30 14:58:50] [WARN] PikSendRetry: Attempt 3/3 failed for unknown: PikSend.lrplugin/tests/test_retry_properties.lua:124: Always fail
[2026-01-30 14:58:50] [ERROR] PikSendRetry: All retry attempts failed for unknown after 3 attempt(s): PikSend.lrplugin/tests/test_retry_properties.lua:124: Always fail
[2026-01-30 14:58:50] [WARN] PikSendRetry: Attempt 1/5 failed for unknown: PikSend.lrplugin/tests/test_retry_properties.lua:124: Always fail
[2026-01-30 14:58:50] [INFO] PikSendRetry: Retrying unknown (attempt 1/4)
[2026-01-30 14:58:50] [WARN] PikSendRetry: Attempt 2/5 failed for unknown: PikSend.lrplugin/tests/test_retry_properties.lua:124: Always fail
[2026-01-30 14:58:50] [INFO] PikSendRetry: Retrying unknown (attempt 2/4)
[2026-01-30 14:58:50] [WARN] PikSendRetry: Attempt 3/5 failed for unknown: PikSend.lrplugin/tests/test_retry_properties.lua:124: Always fail
[2026-01-30 14:58:50] [INFO] PikSendRetry: Retrying unknown (attempt 3/4)
[2026-01-30 14:58:50] [WARN] PikSendRetry: Attempt 4/5 failed for unknown: PikSend.lrplugin/tests/test_retry_properties.lua:124: Always fail
[2026-01-30 14:58:50] [INFO] PikSendRetry: Retrying unknown (attempt 4/4)
[2026-01-30 14:58:50] [WARN] PikSendRetry: Attempt 5/5 failed for unknown: PikSend.lrplugin/tests/test_retry_properties.lua:124: Always fail
[2026-01-30 14:58:50] [ERROR] PikSendRetry: All retry attempts failed for unknown after 5 attempt(s): PikSend.lrplugin/tests/test_retry_properties.lua:124: Always fail
[2026-01-30 14:58:50] [WARN] PikSendRetry: Attempt 1/4 failed for unknown: PikSend.lrplugin/tests/test_retry_properties.lua:124: Always fail
[2026-01-30 14:58:50] [INFO] PikSendRetry: Retrying unknown (attempt 1/3)
[2026-01-30 14:58:50] [WARN] PikSendRetry: Attempt 2/4 failed for unknown: PikSend.lrplugin/tests/test_retry_properties.lua:124: Always fail
[2026-01-30 14:58:50] [INFO] PikSendRetry: Retrying unknown (attempt 2/3)
[2026-01-30 14:58:50] [WARN] PikSendRetry: Attempt 3/4 failed for unknown: PikSend.lrplugin/tests/test_retry_properties.lua:124: Always fail
[2026-01-30 14:58:50] [INFO] PikSendRetry: Retrying unknown (attempt 3/3)
[2026-01-30 14:58:50] [WARN] PikSendRetry: Attempt 4/4 failed for unknown: PikSend.lrplugin/tests/test_retry_properties.lua:124: Always fail
[2026-01-30 14:58:50] [ERROR] PikSendRetry: All retry attempts failed for unknown after 4 attempt(s): PikSend.lrplugin/tests/test_retry_properties.lua:124: Always fail
[2026-01-30 14:58:50] [WARN] PikSendRetry: Attempt 1/6 failed for unknown: PikSend.lrplugin/tests/test_retry_properties.lua:124: Always fail
[2026-01-30 14:58:50] [INFO] PikSendRetry: Retrying unknown (attempt 1/5)
[2026-01-30 14:58:50] [WARN] PikSendRetry: Attempt 2/6 failed for unknown: PikSend.lrplugin/tests/test_retry_properties.lua:124: Always fail
[2026-01-30 14:58:50] [INFO] PikSendRetry: Retrying unknown (attempt 2/5)
[2026-01-30 14:58:50] [WARN] PikSendRetry: Attempt 3/6 failed for unknown: PikSend.lrplugin/tests/test_retry_properties.lua:124: Always fail
[2026-01-30 14:58:50] [INFO] PikSendRetry: Retrying unknown (attempt 3/5)
[2026-01-30 14:58:50] [WARN] PikSendRetry: Attempt 4/6 failed for unknown: PikSend.lrplugin/tests/test_retry_properties.lua:124: Always fail
[2026-01-30 14:58:50] [INFO] PikSendRetry: Retrying unknown (attempt 4/5)
[2026-01-30 14:58:50] [WARN] PikSendRetry: Attempt 5/6 failed for unknown: PikSend.lrplugin/tests/test_retry_properties.lua:124: Always fail
[2026-01-30 14:58:50] [INFO] PikSendRetry: Retrying unknown (attempt 5/5)
[2026-01-30 14:58:50] [WARN] PikSendRetry: Attempt 6/6 failed for unknown: PikSend.lrplugin/tests/test_retry_properties.lua:124: Always fail
[2026-01-30 14:58:50] [ERROR] PikSendRetry: All retry attempts failed for unknown after 6 attempt(s): PikSend.lrplugin/tests/test_retry_properties.lua:124: Always fail
[2026-01-30 14:58:50] [WARN] PikSendRetry: Attempt 1/6 failed for unknown: PikSend.lrplugin/tests/test_retry_properties.lua:124: Always fail
[2026-01-30 14:58:50] [INFO] PikSendRetry: Retrying unknown (attempt 1/5)
[2026-01-30 14:58:50] [WARN] PikSendRetry: Attempt 2/6 failed for unknown: PikSend.lrplugin/tests/test_retry_properties.lua:124: Always fail
[2026-01-30 14:58:50] [INFO] PikSendRetry: Retrying unknown (attempt 2/5)
[2026-01-30 14:58:50] [WARN] PikSendRetry: Attempt 3/6 failed for unknown: PikSend.lrplugin/tests/test_retry_properties.lua:124: Always fail
[2026-01-30 14:58:50] [INFO] PikSendRetry: Retrying unknown (attempt 3/5)
[2026-01-30 14:58:50] [WARN] PikSendRetry: Attempt 4/6 failed for unknown: PikSend.lrplugin/tests/test_retry_properties.lua:124: Always fail
[2026-01-30 14:58:50] [INFO] PikSendRetry: Retrying unknown (attempt 4/5)
[2026-01-30 14:58:50] [WARN] PikSendRetry: Attempt 5/6 failed for unknown: PikSend.lrplugin/tests/test_retry_properties.lua:124: Always fail
[2026-01-30 14:58:50] [INFO] PikSendRetry: Retrying unknown (attempt 5/5)
[2026-01-30 14:58:50] [WARN] PikSendRetry: Attempt 6/6 failed for unknown: PikSend.lrplugin/tests/test_retry_properties.lua:124: Always fail
[2026-01-30 14:58:50] [ERROR] PikSendRetry: All retry attempts failed for unknown after 6 attempt(s): PikSend.lrplugin/tests/test_retry_properties.lua:124: Always fail
[2026-01-30 14:58:50] [WARN] PikSendRetry: Attempt 1/5 failed for unknown: PikSend.lrplugin/tests/test_retry_properties.lua:124: Always fail
[2026-01-30 14:58:50] [INFO] PikSendRetry: Retrying unknown (attempt 1/4)
[2026-01-30 14:58:50] [WARN] PikSendRetry: Attempt 2/5 failed for unknown: PikSend.lrplugin/tests/test_retry_properties.lua:124: Always fail
[2026-01-30 14:58:50] [INFO] PikSendRetry: Retrying unknown (attempt 2/4)
[2026-01-30 14:58:50] [WARN] PikSendRetry: Attempt 3/5 failed for unknown: PikSend.lrplugin/tests/test_retry_properties.lua:124: Always fail
[2026-01-30 14:58:50] [INFO] PikSendRetry: Retrying unknown (attempt 3/4)
[2026-01-30 14:58:50] [WARN] PikSendRetry: Attempt 4/5 failed for unknown: PikSend.lrplugin/tests/test_retry_properties.lua:124: Always fail
[2026-01-30 14:58:50] [INFO] PikSendRetry: Retrying unknown (attempt 4/4)
[2026-01-30 14:58:50] [WARN] PikSendRetry: Attempt 5/5 failed for unknown: PikSend.lrplugin/tests/test_retry_properties.lua:124: Always fail
[2026-01-30 14:58:50] [ERROR] PikSendRetry: All retry attempts failed for unknown after 5 attempt(s): PikSend.lrplugin/tests/test_retry_properties.lua:124: Always fail
[2026-01-30 14:58:50] [WARN] PikSendRetry: Attempt 1/3 failed for unknown: PikSend.lrplugin/tests/test_retry_properties.lua:124: Always fail
[2026-01-30 14:58:50] [INFO] PikSendRetry: Retrying unknown (attempt 1/2)
[2026-01-30 14:58:50] [WARN] PikSendRetry: Attempt 2/3 failed for unknown: PikSend.lrplugin/tests/test_retry_properties.lua:124: Always fail
[2026-01-30 14:58:50] [INFO] PikSendRetry: Retrying unknown (attempt 2/2)
[2026-01-30 14:58:50] [WARN] PikSendRetry: Attempt 3/3 failed for unknown: PikSend.lrplugin/tests/test_retry_properties.lua:124: Always fail
[2026-01-30 14:58:50] [ERROR] PikSendRetry: All retry attempts failed for unknown after 3 attempt(s): PikSend.lrplugin/tests/test_retry_properties.lua:124: Always fail
[2026-01-30 14:58:50] [WARN] PikSendRetry: Attempt 1/5 failed for unknown: PikSend.lrplugin/tests/test_retry_properties.lua:124: Always fail
[2026-01-30 14:58:50] [INFO] PikSendRetry: Retrying unknown (attempt 1/4)
[2026-01-30 14:58:50] [WARN] PikSendRetry: Attempt 2/5 failed for unknown: PikSend.lrplugin/tests/test_retry_properties.lua:124: Always fail
[2026-01-30 14:58:50] [INFO] PikSendRetry: Retrying unknown (attempt 2/4)
[2026-01-30 14:58:50] [WARN] PikSendRetry: Attempt 3/5 failed for unknown: PikSend.lrplugin/tests/test_retry_properties.lua:124: Always fail
[2026-01-30 14:58:50] [INFO] PikSendRetry: Retrying unknown (attempt 3/4)
[2026-01-30 14:58:50] [WARN] PikSendRetry: Attempt 4/5 failed for unknown: PikSend.lrplugin/tests/test_retry_properties.lua:124: Always fail
[2026-01-30 14:58:50] [INFO] PikSendRetry: Retrying unknown (attempt 4/4)
[2026-01-30 14:58:50] [WARN] PikSendRetry: Attempt 5/5 failed for unknown: PikSend.lrplugin/tests/test_retry_properties.lua:124: Always fail
[2026-01-30 14:58:50] [ERROR] PikSendRetry: All retry attempts failed for unknown after 5 attempt(s): PikSend.lrplugin/tests/test_retry_properties.lua:124: Always fail
[2026-01-30 14:58:50] [WARN] PikSendRetry: Attempt 1/2 failed for unknown: PikSend.lrplugin/tests/test_retry_properties.lua:124: Always fail
[2026-01-30 14:58:50] [INFO] PikSendRetry: Retrying unknown (attempt 1/1)
[2026-01-30 14:58:50] [WARN] PikSendRetry: Attempt 2/2 failed for unknown: PikSend.lrplugin/tests/test_retry_properties.lua:124: Always fail
[2026-01-30 14:58:50] [ERROR] PikSendRetry: All retry attempts failed for unknown after 2 attempt(s): PikSend.lrplugin/tests/test_retry_properties.lua:124: Always fail
[2026-01-30 14:58:50] [WARN] PikSendRetry: Attempt 1/2 failed for unknown: PikSend.lrplugin/tests/test_retry_properties.lua:124: Always fail
[2026-01-30 14:58:50] [INFO] PikSendRetry: Retrying unknown (attempt 1/1)
[2026-01-30 14:58:50] [WARN] PikSendRetry: Attempt 2/2 failed for unknown: PikSend.lrplugin/tests/test_retry_properties.lua:124: Always fail
[2026-01-30 14:58:50] [ERROR] PikSendRetry: All retry attempts failed for unknown after 2 attempt(s): PikSend.lrplugin/tests/test_retry_properties.lua:124: Always fail
[2026-01-30 14:58:50] [WARN] PikSendRetry: Attempt 1/3 failed for unknown: PikSend.lrplugin/tests/test_retry_properties.lua:124: Always fail
[2026-01-30 14:58:50] [INFO] PikSendRetry: Retrying unknown (attempt 1/2)
[2026-01-30 14:58:50] [WARN] PikSendRetry: Attempt 2/3 failed for unknown: PikSend.lrplugin/tests/test_retry_properties.lua:124: Always fail
[2026-01-30 14:58:50] [INFO] PikSendRetry: Retrying unknown (attempt 2/2)
[2026-01-30 14:58:50] [WARN] PikSendRetry: Attempt 3/3 failed for unknown: PikSend.lrplugin/tests/test_retry_properties.lua:124: Always fail
[2026-01-30 14:58:50] [ERROR] PikSendRetry: All retry attempts failed for unknown after 3 attempt(s): PikSend.lrplugin/tests/test_retry_properties.lua:124: Always fail
[2026-01-30 14:58:50] [WARN] PikSendRetry: Attempt 1/5 failed for unknown: PikSend.lrplugin/tests/test_retry_properties.lua:124: Always fail
[2026-01-30 14:58:50] [INFO] PikSendRetry: Retrying unknown (attempt 1/4)
[2026-01-30 14:58:50] [WARN] PikSendRetry: Attempt 2/5 failed for unknown: PikSend.lrplugin/tests/test_retry_properties.lua:124: Always fail
[2026-01-30 14:58:50] [INFO] PikSendRetry: Retrying unknown (attempt 2/4)
[2026-01-30 14:58:50] [WARN] PikSendRetry: Attempt 3/5 failed for unknown: PikSend.lrplugin/tests/test_retry_properties.lua:124: Always fail
[2026-01-30 14:58:50] [INFO] PikSendRetry: Retrying unknown (attempt 3/4)
[2026-01-30 14:58:50] [WARN] PikSendRetry: Attempt 4/5 failed for unknown: PikSend.lrplugin/tests/test_retry_properties.lua:124: Always fail
[2026-01-30 14:58:50] [INFO] PikSendRetry: Retrying unknown (attempt 4/4)
[2026-01-30 14:58:50] [WARN] PikSendRetry: Attempt 5/5 failed for unknown: PikSend.lrplugin/tests/test_retry_properties.lua:124: Always fail
[2026-01-30 14:58:50] [ERROR] PikSendRetry: All retry attempts failed for unknown after 5 attempt(s): PikSend.lrplugin/tests/test_retry_properties.lua:124: Always fail
[2026-01-30 14:58:50] [WARN] PikSendRetry: Attempt 1/2 failed for unknown: PikSend.lrplugin/tests/test_retry_properties.lua:124: Always fail
[2026-01-30 14:58:50] [INFO] PikSendRetry: Retrying unknown (attempt 1/1)
[2026-01-30 14:58:50] [WARN] PikSendRetry: Attempt 2/2 failed for unknown: PikSend.lrplugin/tests/test_retry_properties.lua:124: Always fail
[2026-01-30 14:58:50] [ERROR] PikSendRetry: All retry attempts failed for unknown after 2 attempt(s): PikSend.lrplugin/tests/test_retry_properties.lua:124: Always fail
[2026-01-30 14:58:50] [WARN] PikSendRetry: Attempt 1/3 failed for unknown: PikSend.lrplugin/tests/test_retry_properties.lua:124: Always fail
[2026-01-30 14:58:50] [INFO] PikSendRetry: Retrying unknown (attempt 1/2)
[2026-01-30 14:58:50] [WARN] PikSendRetry: Attempt 2/3 failed for unknown: PikSend.lrplugin/tests/test_retry_properties.lua:124: Always fail
[2026-01-30 14:58:50] [INFO] PikSendRetry: Retrying unknown (attempt 2/2)
[2026-01-30 14:58:50] [WARN] PikSendRetry: Attempt 3/3 failed for unknown: PikSend.lrplugin/tests/test_retry_properties.lua:124: Always fail
[2026-01-30 14:58:50] [ERROR] PikSendRetry: All retry attempts failed for unknown after 3 attempt(s): PikSend.lrplugin/tests/test_retry_properties.lua:124: Always fail
[2026-01-30 14:58:50] [WARN] PikSendRetry: Attempt 1/1 failed for unknown: PikSend.lrplugin/tests/test_retry_properties.lua:124: Always fail
[2026-01-30 14:58:50] [ERROR] PikSendRetry: All retry attempts failed for unknown after 1 attempt(s): PikSend.lrplugin/tests/test_retry_properties.lua:124: Always fail
[2026-01-30 14:58:50] [WARN] PikSendRetry: Attempt 1/5 failed for unknown: PikSend.lrplugin/tests/test_retry_properties.lua:124: Always fail
[2026-01-30 14:58:50] [INFO] PikSendRetry: Retrying unknown (attempt 1/4)
[2026-01-30 14:58:50] [WARN] PikSendRetry: Attempt 2/5 failed for unknown: PikSend.lrplugin/tests/test_retry_properties.lua:124: Always fail
[2026-01-30 14:58:50] [INFO] PikSendRetry: Retrying unknown (attempt 2/4)
[2026-01-30 14:58:50] [WARN] PikSendRetry: Attempt 3/5 failed for unknown: PikSend.lrplugin/tests/test_retry_properties.lua:124: Always fail
[2026-01-30 14:58:50] [INFO] PikSendRetry: Retrying unknown (attempt 3/4)
[2026-01-30 14:58:50] [WARN] PikSendRetry: Attempt 4/5 failed for unknown: PikSend.lrplugin/tests/test_retry_properties.lua:124: Always fail
[2026-01-30 14:58:50] [INFO] PikSendRetry: Retrying unknown (attempt 4/4)
[2026-01-30 14:58:50] [WARN] PikSendRetry: Attempt 5/5 failed for unknown: PikSend.lrplugin/tests/test_retry_properties.lua:124: Always fail
[2026-01-30 14:58:50] [ERROR] PikSendRetry: All retry attempts failed for unknown after 5 attempt(s): PikSend.lrplugin/tests/test_retry_properties.lua:124: Always fail
[2026-01-30 14:58:50] [WARN] PikSendRetry: Attempt 1/5 failed for unknown: PikSend.lrplugin/tests/test_retry_properties.lua:124: Always fail
[2026-01-30 14:58:50] [INFO] PikSendRetry: Retrying unknown (attempt 1/4)
[2026-01-30 14:58:50] [WARN] PikSendRetry: Attempt 2/5 failed for unknown: PikSend.lrplugin/tests/test_retry_properties.lua:124: Always fail
[2026-01-30 14:58:50] [INFO] PikSendRetry: Retrying unknown (attempt 2/4)
[2026-01-30 14:58:50] [WARN] PikSendRetry: Attempt 3/5 failed for unknown: PikSend.lrplugin/tests/test_retry_properties.lua:124: Always fail
[2026-01-30 14:58:50] [INFO] PikSendRetry: Retrying unknown (attempt 3/4)
[2026-01-30 14:58:50] [WARN] PikSendRetry: Attempt 4/5 failed for unknown: PikSend.lrplugin/tests/test_retry_properties.lua:124: Always fail
[2026-01-30 14:58:50] [INFO] PikSendRetry: Retrying unknown (attempt 4/4)
[2026-01-30 14:58:50] [WARN] PikSendRetry: Attempt 5/5 failed for unknown: PikSend.lrplugin/tests/test_retry_properties.lua:124: Always fail
[2026-01-30 14:58:50] [ERROR] PikSendRetry: All retry attempts failed for unknown after 5 attempt(s): PikSend.lrplugin/tests/test_retry_properties.lua:124: Always fail
[2026-01-30 14:58:50] [WARN] PikSendRetry: Attempt 1/2 failed for unknown: PikSend.lrplugin/tests/test_retry_properties.lua:124: Always fail
[2026-01-30 14:58:50] [INFO] PikSendRetry: Retrying unknown (attempt 1/1)
[2026-01-30 14:58:50] [WARN] PikSendRetry: Attempt 2/2 failed for unknown: PikSend.lrplugin/tests/test_retry_properties.lua:124: Always fail
[2026-01-30 14:58:50] [ERROR] PikSendRetry: All retry attempts failed for unknown after 2 attempt(s): PikSend.lrplugin/tests/test_retry_properties.lua:124: Always fail
[2026-01-30 14:58:50] [WARN] PikSendRetry: Attempt 1/6 failed for unknown: PikSend.lrplugin/tests/test_retry_properties.lua:124: Always fail
[2026-01-30 14:58:50] [INFO] PikSendRetry: Retrying unknown (attempt 1/5)
[2026-01-30 14:58:50] [WARN] PikSendRetry: Attempt 2/6 failed for unknown: PikSend.lrplugin/tests/test_retry_properties.lua:124: Always fail
[2026-01-30 14:58:50] [INFO] PikSendRetry: Retrying unknown (attempt 2/5)
[2026-01-30 14:58:50] [WARN] PikSendRetry: Attempt 3/6 failed for unknown: PikSend.lrplugin/tests/test_retry_properties.lua:124: Always fail
[2026-01-30 14:58:50] [INFO] PikSendRetry: Retrying unknown (attempt 3/5)
[2026-01-30 14:58:50] [WARN] PikSendRetry: Attempt 4/6 failed for unknown: PikSend.lrplugin/tests/test_retry_properties.lua:124: Always fail
[2026-01-30 14:58:50] [INFO] PikSendRetry: Retrying unknown (attempt 4/5)
[2026-01-30 14:58:50] [WARN] PikSendRetry: Attempt 5/6 failed for unknown: PikSend.lrplugin/tests/test_retry_properties.lua:124: Always fail
[2026-01-30 14:58:50] [INFO] PikSendRetry: Retrying unknown (attempt 5/5)
[2026-01-30 14:58:50] [WARN] PikSendRetry: Attempt 6/6 failed for unknown: PikSend.lrplugin/tests/test_retry_properties.lua:124: Always fail
[2026-01-30 14:58:50] [ERROR] PikSendRetry: All retry attempts failed for unknown after 6 attempt(s): PikSend.lrplugin/tests/test_retry_properties.lua:124: Always fail
[2026-01-30 14:58:50] [WARN] PikSendRetry: Attempt 1/4 failed for unknown: PikSend.lrplugin/tests/test_retry_properties.lua:124: Always fail
[2026-01-30 14:58:50] [INFO] PikSendRetry: Retrying unknown (attempt 1/3)
[2026-01-30 14:58:50] [WARN] PikSendRetry: Attempt 2/4 failed for unknown: PikSend.lrplugin/tests/test_retry_properties.lua:124: Always fail
[2026-01-30 14:58:50] [INFO] PikSendRetry: Retrying unknown (attempt 2/3)
[2026-01-30 14:58:50] [WARN] PikSendRetry: Attempt 3/4 failed for unknown: PikSend.lrplugin/tests/test_retry_properties.lua:124: Always fail
[2026-01-30 14:58:50] [INFO] PikSendRetry: Retrying unknown (attempt 3/3)
[2026-01-30 14:58:50] [WARN] PikSendRetry: Attempt 4/4 failed for unknown: PikSend.lrplugin/tests/test_retry_properties.lua:124: Always fail
[2026-01-30 14:58:50] [ERROR] PikSendRetry: All retry attempts failed for unknown after 4 attempt(s): PikSend.lrplugin/tests/test_retry_properties.lua:124: Always fail
[2026-01-30 14:58:50] [WARN] PikSendRetry: Attempt 1/6 failed for unknown: PikSend.lrplugin/tests/test_retry_properties.lua:124: Always fail
[2026-01-30 14:58:50] [INFO] PikSendRetry: Retrying unknown (attempt 1/5)
[2026-01-30 14:58:50] [WARN] PikSendRetry: Attempt 2/6 failed for unknown: PikSend.lrplugin/tests/test_retry_properties.lua:124: Always fail
[2026-01-30 14:58:50] [INFO] PikSendRetry: Retrying unknown (attempt 2/5)
[2026-01-30 14:58:50] [WARN] PikSendRetry: Attempt 3/6 failed for unknown: PikSend.lrplugin/tests/test_retry_properties.lua:124: Always fail
[2026-01-30 14:58:50] [INFO] PikSendRetry: Retrying unknown (attempt 3/5)
[2026-01-30 14:58:50] [WARN] PikSendRetry: Attempt 4/6 failed for unknown: PikSend.lrplugin/tests/test_retry_properties.lua:124: Always fail
[2026-01-30 14:58:50] [INFO] PikSendRetry: Retrying unknown (attempt 4/5)
[2026-01-30 14:58:50] [WARN] PikSendRetry: Attempt 5/6 failed for unknown: PikSend.lrplugin/tests/test_retry_properties.lua:124: Always fail
[2026-01-30 14:58:50] [INFO] PikSendRetry: Retrying unknown (attempt 5/5)
[2026-01-30 14:58:50] [WARN] PikSendRetry: Attempt 6/6 failed for unknown: PikSend.lrplugin/tests/test_retry_properties.lua:124: Always fail
[2026-01-30 14:58:50] [ERROR] PikSendRetry: All retry attempts failed for unknown after 6 attempt(s): PikSend.lrplugin/tests/test_retry_properties.lua:124: Always fail
[2026-01-30 14:58:50] [WARN] PikSendRetry: Attempt 1/6 failed for unknown: PikSend.lrplugin/tests/test_retry_properties.lua:124: Always fail
[2026-01-30 14:58:50] [INFO] PikSendRetry: Retrying unknown (attempt 1/5)
[2026-01-30 14:58:50] [WARN] PikSendRetry: Attempt 2/6 failed for unknown: PikSend.lrplugin/tests/test_retry_properties.lua:124: Always fail
[2026-01-30 14:58:50] [INFO] PikSendRetry: Retrying unknown (attempt 2/5)
[2026-01-30 14:58:50] [WARN] PikSendRetry: Attempt 3/6 failed for unknown: PikSend.lrplugin/tests/test_retry_properties.lua:124: Always fail
[2026-01-30 14:58:50] [INFO] PikSendRetry: Retrying unknown (attempt 3/5)
[2026-01-30 14:58:50] [WARN] PikSendRetry: Attempt 4/6 failed for unknown: PikSend.lrplugin/tests/test_retry_properties.lua:124: Always fail
[2026-01-30 14:58:50] [INFO] PikSendRetry: Retrying unknown (attempt 4/5)
[2026-01-30 14:58:50] [WARN] PikSendRetry: Attempt 5/6 failed for unknown: PikSend.lrplugin/tests/test_retry_properties.lua:124: Always fail
[2026-01-30 14:58:50] [INFO] PikSendRetry: Retrying unknown (attempt 5/5)
[2026-01-30 14:58:50] [WARN] PikSendRetry: Attempt 6/6 failed for unknown: PikSend.lrplugin/tests/test_retry_properties.lua:124: Always fail
[2026-01-30 14:58:50] [ERROR] PikSendRetry: All retry attempts failed for unknown after 6 attempt(s): PikSend.lrplugin/tests/test_retry_properties.lua:124: Always fail
[2026-01-30 14:58:50] [WARN] PikSendRetry: Attempt 1/5 failed for unknown: PikSend.lrplugin/tests/test_retry_properties.lua:124: Always fail
[2026-01-30 14:58:50] [INFO] PikSendRetry: Retrying unknown (attempt 1/4)
[2026-01-30 14:58:50] [WARN] PikSendRetry: Attempt 2/5 failed for unknown: PikSend.lrplugin/tests/test_retry_properties.lua:124: Always fail
[2026-01-30 14:58:50] [INFO] PikSendRetry: Retrying unknown (attempt 2/4)
[2026-01-30 14:58:50] [WARN] PikSendRetry: Attempt 3/5 failed for unknown: PikSend.lrplugin/tests/test_retry_properties.lua:124: Always fail
[2026-01-30 14:58:50] [INFO] PikSendRetry: Retrying unknown (attempt 3/4)
[2026-01-30 14:58:50] [WARN] PikSendRetry: Attempt 4/5 failed for unknown: PikSend.lrplugin/tests/test_retry_properties.lua:124: Always fail
[2026-01-30 14:58:50] [INFO] PikSendRetry: Retrying unknown (attempt 4/4)
[2026-01-30 14:58:50] [WARN] PikSendRetry: Attempt 5/5 failed for unknown: PikSend.lrplugin/tests/test_retry_properties.lua:124: Always fail
[2026-01-30 14:58:50] [ERROR] PikSendRetry: All retry attempts failed for unknown after 5 attempt(s): PikSend.lrplugin/tests/test_retry_properties.lua:124: Always fail
[2026-01-30 14:58:50] [WARN] PikSendRetry: Attempt 1/4 failed for unknown: PikSend.lrplugin/tests/test_retry_properties.lua:124: Always fail
[2026-01-30 14:58:50] [INFO] PikSendRetry: Retrying unknown (attempt 1/3)
[2026-01-30 14:58:50] [WARN] PikSendRetry: Attempt 2/4 failed for unknown: PikSend.lrplugin/tests/test_retry_properties.lua:124: Always fail
[2026-01-30 14:58:50] [INFO] PikSendRetry: Retrying unknown (attempt 2/3)
[2026-01-30 14:58:50] [WARN] PikSendRetry: Attempt 3/4 failed for unknown: PikSend.lrplugin/tests/test_retry_properties.lua:124: Always fail
[2026-01-30 14:58:50] [INFO] PikSendRetry: Retrying unknown (attempt 3/3)
[2026-01-30 14:58:50] [WARN] PikSendRetry: Attempt 4/4 failed for unknown: PikSend.lrplugin/tests/test_retry_properties.lua:124: Always fail
[2026-01-30 14:58:50] [ERROR] PikSendRetry: All retry attempts failed for unknown after 4 attempt(s): PikSend.lrplugin/tests/test_retry_properties.lua:124: Always fail
[2026-01-30 14:58:50] [WARN] PikSendRetry: Attempt 1/1 failed for unknown: PikSend.lrplugin/tests/test_retry_properties.lua:124: Always fail
[2026-01-30 14:58:50] [ERROR] PikSendRetry: All retry attempts failed for unknown after 1 attempt(s): PikSend.lrplugin/tests/test_retry_properties.lua:124: Always fail
[2026-01-30 14:58:50] [WARN] PikSendRetry: Attempt 1/6 failed for unknown: PikSend.lrplugin/tests/test_retry_properties.lua:124: Always fail
[2026-01-30 14:58:50] [INFO] PikSendRetry: Retrying unknown (attempt 1/5)
[2026-01-30 14:58:50] [WARN] PikSendRetry: Attempt 2/6 failed for unknown: PikSend.lrplugin/tests/test_retry_properties.lua:124: Always fail
[2026-01-30 14:58:50] [INFO] PikSendRetry: Retrying unknown (attempt 2/5)
[2026-01-30 14:58:50] [WARN] PikSendRetry: Attempt 3/6 failed for unknown: PikSend.lrplugin/tests/test_retry_properties.lua:124: Always fail
[2026-01-30 14:58:50] [INFO] PikSendRetry: Retrying unknown (attempt 3/5)
[2026-01-30 14:58:50] [WARN] PikSendRetry: Attempt 4/6 failed for unknown: PikSend.lrplugin/tests/test_retry_properties.lua:124: Always fail
[2026-01-30 14:58:50] [INFO] PikSendRetry: Retrying unknown (attempt 4/5)
[2026-01-30 14:58:50] [WARN] PikSendRetry: Attempt 5/6 failed for unknown: PikSend.lrplugin/tests/test_retry_properties.lua:124: Always fail
[2026-01-30 14:58:50] [INFO] PikSendRetry: Retrying unknown (attempt 5/5)
[2026-01-30 14:58:50] [WARN] PikSendRetry: Attempt 6/6 failed for unknown: PikSend.lrplugin/tests/test_retry_properties.lua:124: Always fail
[2026-01-30 14:58:50] [ERROR] PikSendRetry: All retry attempts failed for unknown after 6 attempt(s): PikSend.lrplugin/tests/test_retry_properties.lua:124: Always fail
[2026-01-30 14:58:50] [WARN] PikSendRetry: Attempt 1/3 failed for unknown: PikSend.lrplugin/tests/test_retry_properties.lua:124: Always fail
[2026-01-30 14:58:50] [INFO] PikSendRetry: Retrying unknown (attempt 1/2)
[2026-01-30 14:58:50] [WARN] PikSendRetry: Attempt 2/3 failed for unknown: PikSend.lrplugin/tests/test_retry_properties.lua:124: Always fail
[2026-01-30 14:58:50] [INFO] PikSendRetry: Retrying unknown (attempt 2/2)
[2026-01-30 14:58:50] [WARN] PikSendRetry: Attempt 3/3 failed for unknown: PikSend.lrplugin/tests/test_retry_properties.lua:124: Always fail
[2026-01-30 14:58:50] [ERROR] PikSendRetry: All retry attempts failed for unknown after 3 attempt(s): PikSend.lrplugin/tests/test_retry_properties.lua:124: Always fail
[2026-01-30 14:58:50] [WARN] PikSendRetry: Attempt 1/4 failed for unknown: PikSend.lrplugin/tests/test_retry_properties.lua:124: Always fail
[2026-01-30 14:58:50] [INFO] PikSendRetry: Retrying unknown (attempt 1/3)
[2026-01-30 14:58:50] [WARN] PikSendRetry: Attempt 2/4 failed for unknown: PikSend.lrplugin/tests/test_retry_properties.lua:124: Always fail
[2026-01-30 14:58:50] [INFO] PikSendRetry: Retrying unknown (attempt 2/3)
[2026-01-30 14:58:50] [WARN] PikSendRetry: Attempt 3/4 failed for unknown: PikSend.lrplugin/tests/test_retry_properties.lua:124: Always fail
[2026-01-30 14:58:50] [INFO] PikSendRetry: Retrying unknown (attempt 3/3)
[2026-01-30 14:58:50] [WARN] PikSendRetry: Attempt 4/4 failed for unknown: PikSend.lrplugin/tests/test_retry_properties.lua:124: Always fail
[2026-01-30 14:58:50] [ERROR] PikSendRetry: All retry attempts failed for unknown after 4 attempt(s): PikSend.lrplugin/tests/test_retry_properties.lua:124: Always fail
[2026-01-30 14:58:50] [WARN] PikSendRetry: Attempt 1/5 failed for unknown: PikSend.lrplugin/tests/test_retry_properties.lua:124: Always fail
[2026-01-30 14:58:50] [INFO] PikSendRetry: Retrying unknown (attempt 1/4)
[2026-01-30 14:58:50] [WARN] PikSendRetry: Attempt 2/5 failed for unknown: PikSend.lrplugin/tests/test_retry_properties.lua:124: Always fail
[2026-01-30 14:58:50] [INFO] PikSendRetry: Retrying unknown (attempt 2/4)
[2026-01-30 14:58:50] [WARN] PikSendRetry: Attempt 3/5 failed for unknown: PikSend.lrplugin/tests/test_retry_properties.lua:124: Always fail
[2026-01-30 14:58:50] [INFO] PikSendRetry: Retrying unknown (attempt 3/4)
[2026-01-30 14:58:50] [WARN] PikSendRetry: Attempt 4/5 failed for unknown: PikSend.lrplugin/tests/test_retry_properties.lua:124: Always fail
[2026-01-30 14:58:50] [INFO] PikSendRetry: Retrying unknown (attempt 4/4)
[2026-01-30 14:58:50] [WARN] PikSendRetry: Attempt 5/5 failed for unknown: PikSend.lrplugin/tests/test_retry_properties.lua:124: Always fail
[2026-01-30 14:58:50] [ERROR] PikSendRetry: All retry attempts failed for unknown after 5 attempt(s): PikSend.lrplugin/tests/test_retry_properties.lua:124: Always fail
[2026-01-30 14:58:50] [WARN] PikSendRetry: Attempt 1/6 failed for unknown: PikSend.lrplugin/tests/test_retry_properties.lua:124: Always fail
[2026-01-30 14:58:50] [INFO] PikSendRetry: Retrying unknown (attempt 1/5)
[2026-01-30 14:58:50] [WARN] PikSendRetry: Attempt 2/6 failed for unknown: PikSend.lrplugin/tests/test_retry_properties.lua:124: Always fail
[2026-01-30 14:58:50] [INFO] PikSendRetry: Retrying unknown (attempt 2/5)
[2026-01-30 14:58:50] [WARN] PikSendRetry: Attempt 3/6 failed for unknown: PikSend.lrplugin/tests/test_retry_properties.lua:124: Always fail
[2026-01-30 14:58:50] [INFO] PikSendRetry: Retrying unknown (attempt 3/5)
[2026-01-30 14:58:50] [WARN] PikSendRetry: Attempt 4/6 failed for unknown: PikSend.lrplugin/tests/test_retry_properties.lua:124: Always fail
[2026-01-30 14:58:50] [INFO] PikSendRetry: Retrying unknown (attempt 4/5)
[2026-01-30 14:58:50] [WARN] PikSendRetry: Attempt 5/6 failed for unknown: PikSend.lrplugin/tests/test_retry_properties.lua:124: Always fail
[2026-01-30 14:58:50] [INFO] PikSendRetry: Retrying unknown (attempt 5/5)
[2026-01-30 14:58:50] [WARN] PikSendRetry: Attempt 6/6 failed for unknown: PikSend.lrplugin/tests/test_retry_properties.lua:124: Always fail
[2026-01-30 14:58:50] [ERROR] PikSendRetry: All retry attempts failed for unknown after 6 attempt(s): PikSend.lrplugin/tests/test_retry_properties.lua:124: Always fail
[2026-01-30 14:58:50] [WARN] PikSendRetry: Attempt 1/5 failed for unknown: PikSend.lrplugin/tests/test_retry_properties.lua:124: Always fail
[2026-01-30 14:58:50] [INFO] PikSendRetry: Retrying unknown (attempt 1/4)
[2026-01-30 14:58:50] [WARN] PikSendRetry: Attempt 2/5 failed for unknown: PikSend.lrplugin/tests/test_retry_properties.lua:124: Always fail
[2026-01-30 14:58:50] [INFO] PikSendRetry: Retrying unknown (attempt 2/4)
[2026-01-30 14:58:50] [WARN] PikSendRetry: Attempt 3/5 failed for unknown: PikSend.lrplugin/tests/test_retry_properties.lua:124: Always fail
[2026-01-30 14:58:50] [INFO] PikSendRetry: Retrying unknown (attempt 3/4)
[2026-01-30 14:58:50] [WARN] PikSendRetry: Attempt 4/5 failed for unknown: PikSend.lrplugin/tests/test_retry_properties.lua:124: Always fail
[2026-01-30 14:58:50] [INFO] PikSendRetry: Retrying unknown (attempt 4/4)
[2026-01-30 14:58:50] [WARN] PikSendRetry: Attempt 5/5 failed for unknown: PikSend.lrplugin/tests/test_retry_properties.lua:124: Always fail
[2026-01-30 14:58:50] [ERROR] PikSendRetry: All retry attempts failed for unknown after 5 attempt(s): PikSend.lrplugin/tests/test_retry_properties.lua:124: Always fail
[2026-01-30 14:58:50] [WARN] PikSendRetry: Attempt 1/5 failed for unknown: PikSend.lrplugin/tests/test_retry_properties.lua:124: Always fail
[2026-01-30 14:58:50] [INFO] PikSendRetry: Retrying unknown (attempt 1/4)
[2026-01-30 14:58:50] [WARN] PikSendRetry: Attempt 2/5 failed for unknown: PikSend.lrplugin/tests/test_retry_properties.lua:124: Always fail
[2026-01-30 14:58:50] [INFO] PikSendRetry: Retrying unknown (attempt 2/4)
[2026-01-30 14:58:50] [WARN] PikSendRetry: Attempt 3/5 failed for unknown: PikSend.lrplugin/tests/test_retry_properties.lua:124: Always fail
[2026-01-30 14:58:50] [INFO] PikSendRetry: Retrying unknown (attempt 3/4)
[2026-01-30 14:58:50] [WARN] PikSendRetry: Attempt 4/5 failed for unknown: PikSend.lrplugin/tests/test_retry_properties.lua:124: Always fail
[2026-01-30 14:58:50] [INFO] PikSendRetry: Retrying unknown (attempt 4/4)
[2026-01-30 14:58:50] [WARN] PikSendRetry: Attempt 5/5 failed for unknown: PikSend.lrplugin/tests/test_retry_properties.lua:124: Always fail
[2026-01-30 14:58:50] [ERROR] PikSendRetry: All retry attempts failed for unknown after 5 attempt(s): PikSend.lrplugin/tests/test_retry_properties.lua:124: Always fail
[2026-01-30 14:58:50] [WARN] PikSendRetry: Attempt 1/5 failed for unknown: PikSend.lrplugin/tests/test_retry_properties.lua:124: Always fail
[2026-01-30 14:58:50] [INFO] PikSendRetry: Retrying unknown (attempt 1/4)
[2026-01-30 14:58:50] [WARN] PikSendRetry: Attempt 2/5 failed for unknown: PikSend.lrplugin/tests/test_retry_properties.lua:124: Always fail
[2026-01-30 14:58:50] [INFO] PikSendRetry: Retrying unknown (attempt 2/4)
[2026-01-30 14:58:50] [WARN] PikSendRetry: Attempt 3/5 failed for unknown: PikSend.lrplugin/tests/test_retry_properties.lua:124: Always fail
[2026-01-30 14:58:50] [INFO] PikSendRetry: Retrying unknown (attempt 3/4)
[2026-01-30 14:58:50] [WARN] PikSendRetry: Attempt 4/5 failed for unknown: PikSend.lrplugin/tests/test_retry_properties.lua:124: Always fail
[2026-01-30 14:58:50] [INFO] PikSendRetry: Retrying unknown (attempt 4/4)
[2026-01-30 14:58:50] [WARN] PikSendRetry: Attempt 5/5 failed for unknown: PikSend.lrplugin/tests/test_retry_properties.lua:124: Always fail
[2026-01-30 14:58:50] [ERROR] PikSendRetry: All retry attempts failed for unknown after 5 attempt(s): PikSend.lrplugin/tests/test_retry_properties.lua:124: Always fail
[2026-01-30 14:58:50] [WARN] PikSendRetry: Attempt 1/5 failed for unknown: PikSend.lrplugin/tests/test_retry_properties.lua:124: Always fail
[2026-01-30 14:58:50] [INFO] PikSendRetry: Retrying unknown (attempt 1/4)
[2026-01-30 14:58:50] [WARN] PikSendRetry: Attempt 2/5 failed for unknown: PikSend.lrplugin/tests/test_retry_properties.lua:124: Always fail
[2026-01-30 14:58:50] [INFO] PikSendRetry: Retrying unknown (attempt 2/4)
[2026-01-30 14:58:50] [WARN] PikSendRetry: Attempt 3/5 failed for unknown: PikSend.lrplugin/tests/test_retry_properties.lua:124: Always fail
[2026-01-30 14:58:50] [INFO] PikSendRetry: Retrying unknown (attempt 3/4)
[2026-01-30 14:58:50] [WARN] PikSendRetry: Attempt 4/5 failed for unknown: PikSend.lrplugin/tests/test_retry_properties.lua:124: Always fail
[2026-01-30 14:58:50] [INFO] PikSendRetry: Retrying unknown (attempt 4/4)
[2026-01-30 14:58:50] [WARN] PikSendRetry: Attempt 5/5 failed for unknown: PikSend.lrplugin/tests/test_retry_properties.lua:124: Always fail
[2026-01-30 14:58:50] [ERROR] PikSendRetry: All retry attempts failed for unknown after 5 attempt(s): PikSend.lrplugin/tests/test_retry_properties.lua:124: Always fail
[2026-01-30 14:58:50] [WARN] PikSendRetry: Attempt 1/6 failed for unknown: PikSend.lrplugin/tests/test_retry_properties.lua:124: Always fail
[2026-01-30 14:58:50] [INFO] PikSendRetry: Retrying unknown (attempt 1/5)
[2026-01-30 14:58:50] [WARN] PikSendRetry: Attempt 2/6 failed for unknown: PikSend.lrplugin/tests/test_retry_properties.lua:124: Always fail
[2026-01-30 14:58:50] [INFO] PikSendRetry: Retrying unknown (attempt 2/5)
[2026-01-30 14:58:50] [WARN] PikSendRetry: Attempt 3/6 failed for unknown: PikSend.lrplugin/tests/test_retry_properties.lua:124: Always fail
[2026-01-30 14:58:50] [INFO] PikSendRetry: Retrying unknown (attempt 3/5)
[2026-01-30 14:58:50] [WARN] PikSendRetry: Attempt 4/6 failed for unknown: PikSend.lrplugin/tests/test_retry_properties.lua:124: Always fail
[2026-01-30 14:58:50] [INFO] PikSendRetry: Retrying unknown (attempt 4/5)
[2026-01-30 14:58:50] [WARN] PikSendRetry: Attempt 5/6 failed for unknown: PikSend.lrplugin/tests/test_retry_properties.lua:124: Always fail
[2026-01-30 14:58:50] [INFO] PikSendRetry: Retrying unknown (attempt 5/5)
[2026-01-30 14:58:50] [WARN] PikSendRetry: Attempt 6/6 failed for unknown: PikSend.lrplugin/tests/test_retry_properties.lua:124: Always fail
[2026-01-30 14:58:50] [ERROR] PikSendRetry: All retry attempts failed for unknown after 6 attempt(s): PikSend.lrplugin/tests/test_retry_properties.lua:124: Always fail
[2026-01-30 14:58:50] [WARN] PikSendRetry: Attempt 1/1 failed for unknown: PikSend.lrplugin/tests/test_retry_properties.lua:124: Always fail
[2026-01-30 14:58:50] [ERROR] PikSendRetry: All retry attempts failed for unknown after 1 attempt(s): PikSend.lrplugin/tests/test_retry_properties.lua:124: Always fail
[2026-01-30 14:58:50] [WARN] PikSendRetry: Attempt 1/3 failed for unknown: PikSend.lrplugin/tests/test_retry_properties.lua:124: Always fail
[2026-01-30 14:58:50] [INFO] PikSendRetry: Retrying unknown (attempt 1/2)
[2026-01-30 14:58:50] [WARN] PikSendRetry: Attempt 2/3 failed for unknown: PikSend.lrplugin/tests/test_retry_properties.lua:124: Always fail
[2026-01-30 14:58:50] [INFO] PikSendRetry: Retrying unknown (attempt 2/2)
[2026-01-30 14:58:50] [WARN] PikSendRetry: Attempt 3/3 failed for unknown: PikSend.lrplugin/tests/test_retry_properties.lua:124: Always fail
[2026-01-30 14:58:50] [ERROR] PikSendRetry: All retry attempts failed for unknown after 3 attempt(s): PikSend.lrplugin/tests/test_retry_properties.lua:124: Always fail
[2026-01-30 14:58:50] [WARN] PikSendRetry: Attempt 1/2 failed for unknown: PikSend.lrplugin/tests/test_retry_properties.lua:124: Always fail
[2026-01-30 14:58:50] [INFO] PikSendRetry: Retrying unknown (attempt 1/1)
[2026-01-30 14:58:50] [WARN] PikSendRetry: Attempt 2/2 failed for unknown: PikSend.lrplugin/tests/test_retry_properties.lua:124: Always fail
[2026-01-30 14:58:50] [ERROR] PikSendRetry: All retry attempts failed for unknown after 2 attempt(s): PikSend.lrplugin/tests/test_retry_properties.lua:124: Always fail
[2026-01-30 14:58:50] [WARN] PikSendRetry: Attempt 1/1 failed for unknown: PikSend.lrplugin/tests/test_retry_properties.lua:124: Always fail
[2026-01-30 14:58:50] [ERROR] PikSendRetry: All retry attempts failed for unknown after 1 attempt(s): PikSend.lrplugin/tests/test_retry_properties.lua:124: Always fail
[2026-01-30 14:58:50] [WARN] PikSendRetry: Attempt 1/6 failed for unknown: PikSend.lrplugin/tests/test_retry_properties.lua:124: Always fail
[2026-01-30 14:58:50] [INFO] PikSendRetry: Retrying unknown (attempt 1/5)
[2026-01-30 14:58:50] [WARN] PikSendRetry: Attempt 2/6 failed for unknown: PikSend.lrplugin/tests/test_retry_properties.lua:124: Always fail
[2026-01-30 14:58:50] [INFO] PikSendRetry: Retrying unknown (attempt 2/5)
[2026-01-30 14:58:50] [WARN] PikSendRetry: Attempt 3/6 failed for unknown: PikSend.lrplugin/tests/test_retry_properties.lua:124: Always fail
[2026-01-30 14:58:50] [INFO] PikSendRetry: Retrying unknown (attempt 3/5)
[2026-01-30 14:58:50] [WARN] PikSendRetry: Attempt 4/6 failed for unknown: PikSend.lrplugin/tests/test_retry_properties.lua:124: Always fail
[2026-01-30 14:58:50] [INFO] PikSendRetry: Retrying unknown (attempt 4/5)
[2026-01-30 14:58:50] [WARN] PikSendRetry: Attempt 5/6 failed for unknown: PikSend.lrplugin/tests/test_retry_properties.lua:124: Always fail
[2026-01-30 14:58:50] [INFO] PikSendRetry: Retrying unknown (attempt 5/5)
[2026-01-30 14:58:50] [WARN] PikSendRetry: Attempt 6/6 failed for unknown: PikSend.lrplugin/tests/test_retry_properties.lua:124: Always fail
[2026-01-30 14:58:50] [ERROR] PikSendRetry: All retry attempts failed for unknown after 6 attempt(s): PikSend.lrplugin/tests/test_retry_properties.lua:124: Always fail
[2026-01-30 14:58:50] [WARN] PikSendRetry: Attempt 1/4 failed for unknown: PikSend.lrplugin/tests/test_retry_properties.lua:124: Always fail
[2026-01-30 14:58:50] [INFO] PikSendRetry: Retrying unknown (attempt 1/3)
[2026-01-30 14:58:50] [WARN] PikSendRetry: Attempt 2/4 failed for unknown: PikSend.lrplugin/tests/test_retry_properties.lua:124: Always fail
[2026-01-30 14:58:50] [INFO] PikSendRetry: Retrying unknown (attempt 2/3)
[2026-01-30 14:58:50] [WARN] PikSendRetry: Attempt 3/4 failed for unknown: PikSend.lrplugin/tests/test_retry_properties.lua:124: Always fail
[2026-01-30 14:58:50] [INFO] PikSendRetry: Retrying unknown (attempt 3/3)
[2026-01-30 14:58:50] [WARN] PikSendRetry: Attempt 4/4 failed for unknown: PikSend.lrplugin/tests/test_retry_properties.lua:124: Always fail
[2026-01-30 14:58:50] [ERROR] PikSendRetry: All retry attempts failed for unknown after 4 attempt(s): PikSend.lrplugin/tests/test_retry_properties.lua:124: Always fail
[2026-01-30 14:58:50] [WARN] PikSendRetry: Attempt 1/2 failed for unknown: PikSend.lrplugin/tests/test_retry_properties.lua:124: Always fail
[2026-01-30 14:58:50] [INFO] PikSendRetry: Retrying unknown (attempt 1/1)
[2026-01-30 14:58:50] [WARN] PikSendRetry: Attempt 2/2 failed for unknown: PikSend.lrplugin/tests/test_retry_properties.lua:124: Always fail
[2026-01-30 14:58:50] [ERROR] PikSendRetry: All retry attempts failed for unknown after 2 attempt(s): PikSend.lrplugin/tests/test_retry_properties.lua:124: Always fail
[2026-01-30 14:58:50] [WARN] PikSendRetry: Attempt 1/4 failed for unknown: PikSend.lrplugin/tests/test_retry_properties.lua:124: Always fail
[2026-01-30 14:58:50] [INFO] PikSendRetry: Retrying unknown (attempt 1/3)
[2026-01-30 14:58:50] [WARN] PikSendRetry: Attempt 2/4 failed for unknown: PikSend.lrplugin/tests/test_retry_properties.lua:124: Always fail
[2026-01-30 14:58:50] [INFO] PikSendRetry: Retrying unknown (attempt 2/3)
[2026-01-30 14:58:50] [WARN] PikSendRetry: Attempt 3/4 failed for unknown: PikSend.lrplugin/tests/test_retry_properties.lua:124: Always fail
[2026-01-30 14:58:50] [INFO] PikSendRetry: Retrying unknown (attempt 3/3)
[2026-01-30 14:58:50] [WARN] PikSendRetry: Attempt 4/4 failed for unknown: PikSend.lrplugin/tests/test_retry_properties.lua:124: Always fail
[2026-01-30 14:58:50] [ERROR] PikSendRetry: All retry attempts failed for unknown after 4 attempt(s): PikSend.lrplugin/tests/test_retry_properties.lua:124: Always fail
[2026-01-30 14:58:50] [WARN] PikSendRetry: Attempt 1/6 failed for unknown: PikSend.lrplugin/tests/test_retry_properties.lua:124: Always fail
[2026-01-30 14:58:50] [INFO] PikSendRetry: Retrying unknown (attempt 1/5)
[2026-01-30 14:58:50] [WARN] PikSendRetry: Attempt 2/6 failed for unknown: PikSend.lrplugin/tests/test_retry_properties.lua:124: Always fail
[2026-01-30 14:58:50] [INFO] PikSendRetry: Retrying unknown (attempt 2/5)
[2026-01-30 14:58:50] [WARN] PikSendRetry: Attempt 3/6 failed for unknown: PikSend.lrplugin/tests/test_retry_properties.lua:124: Always fail
[2026-01-30 14:58:50] [INFO] PikSendRetry: Retrying unknown (attempt 3/5)
[2026-01-30 14:58:50] [WARN] PikSendRetry: Attempt 4/6 failed for unknown: PikSend.lrplugin/tests/test_retry_properties.lua:124: Always fail
[2026-01-30 14:58:50] [INFO] PikSendRetry: Retrying unknown (attempt 4/5)
[2026-01-30 14:58:50] [WARN] PikSendRetry: Attempt 5/6 failed for unknown: PikSend.lrplugin/tests/test_retry_properties.lua:124: Always fail
[2026-01-30 14:58:50] [INFO] PikSendRetry: Retrying unknown (attempt 5/5)
[2026-01-30 14:58:50] [WARN] PikSendRetry: Attempt 6/6 failed for unknown: PikSend.lrplugin/tests/test_retry_properties.lua:124: Always fail
[2026-01-30 14:58:50] [ERROR] PikSendRetry: All retry attempts failed for unknown after 6 attempt(s): PikSend.lrplugin/tests/test_retry_properties.lua:124: Always fail
[2026-01-30 14:58:50] [WARN] PikSendRetry: Attempt 1/5 failed for unknown: PikSend.lrplugin/tests/test_retry_properties.lua:124: Always fail
[2026-01-30 14:58:50] [INFO] PikSendRetry: Retrying unknown (attempt 1/4)
[2026-01-30 14:58:50] [WARN] PikSendRetry: Attempt 2/5 failed for unknown: PikSend.lrplugin/tests/test_retry_properties.lua:124: Always fail
[2026-01-30 14:58:50] [INFO] PikSendRetry: Retrying unknown (attempt 2/4)
[2026-01-30 14:58:50] [WARN] PikSendRetry: Attempt 3/5 failed for unknown: PikSend.lrplugin/tests/test_retry_properties.lua:124: Always fail
[2026-01-30 14:58:50] [INFO] PikSendRetry: Retrying unknown (attempt 3/4)
[2026-01-30 14:58:50] [WARN] PikSendRetry: Attempt 4/5 failed for unknown: PikSend.lrplugin/tests/test_retry_properties.lua:124: Always fail
[2026-01-30 14:58:50] [INFO] PikSendRetry: Retrying unknown (attempt 4/4)
[2026-01-30 14:58:50] [WARN] PikSendRetry: Attempt 5/5 failed for unknown: PikSend.lrplugin/tests/test_retry_properties.lua:124: Always fail
[2026-01-30 14:58:50] [ERROR] PikSendRetry: All retry attempts failed for unknown after 5 attempt(s): PikSend.lrplugin/tests/test_retry_properties.lua:124: Always fail
[2026-01-30 14:58:50] [WARN] PikSendRetry: Attempt 1/3 failed for unknown: PikSend.lrplugin/tests/test_retry_properties.lua:124: Always fail
[2026-01-30 14:58:50] [INFO] PikSendRetry: Retrying unknown (attempt 1/2)
[2026-01-30 14:58:50] [WARN] PikSendRetry: Attempt 2/3 failed for unknown: PikSend.lrplugin/tests/test_retry_properties.lua:124: Always fail
[2026-01-30 14:58:50] [INFO] PikSendRetry: Retrying unknown (attempt 2/2)
[2026-01-30 14:58:50] [WARN] PikSendRetry: Attempt 3/3 failed for unknown: PikSend.lrplugin/tests/test_retry_properties.lua:124: Always fail
[2026-01-30 14:58:50] [ERROR] PikSendRetry: All retry attempts failed for unknown after 3 attempt(s): PikSend.lrplugin/tests/test_retry_properties.lua:124: Always fail
[2026-01-30 14:58:50] [WARN] PikSendRetry: Attempt 1/6 failed for unknown: PikSend.lrplugin/tests/test_retry_properties.lua:124: Always fail
[2026-01-30 14:58:50] [INFO] PikSendRetry: Retrying unknown (attempt 1/5)
[2026-01-30 14:58:50] [WARN] PikSendRetry: Attempt 2/6 failed for unknown: PikSend.lrplugin/tests/test_retry_properties.lua:124: Always fail
[2026-01-30 14:58:50] [INFO] PikSendRetry: Retrying unknown (attempt 2/5)
[2026-01-30 14:58:50] [WARN] PikSendRetry: Attempt 3/6 failed for unknown: PikSend.lrplugin/tests/test_retry_properties.lua:124: Always fail
[2026-01-30 14:58:50] [INFO] PikSendRetry: Retrying unknown (attempt 3/5)
[2026-01-30 14:58:50] [WARN] PikSendRetry: Attempt 4/6 failed for unknown: PikSend.lrplugin/tests/test_retry_properties.lua:124: Always fail
[2026-01-30 14:58:50] [INFO] PikSendRetry: Retrying unknown (attempt 4/5)
[2026-01-30 14:58:50] [WARN] PikSendRetry: Attempt 5/6 failed for unknown: PikSend.lrplugin/tests/test_retry_properties.lua:124: Always fail
[2026-01-30 14:58:50] [INFO] PikSendRetry: Retrying unknown (attempt 5/5)
[2026-01-30 14:58:50] [WARN] PikSendRetry: Attempt 6/6 failed for unknown: PikSend.lrplugin/tests/test_retry_properties.lua:124: Always fail
[2026-01-30 14:58:50] [ERROR] PikSendRetry: All retry attempts failed for unknown after 6 attempt(s): PikSend.lrplugin/tests/test_retry_properties.lua:124: Always fail
[2026-01-30 14:58:50] [WARN] PikSendRetry: Attempt 1/5 failed for unknown: PikSend.lrplugin/tests/test_retry_properties.lua:124: Always fail
[2026-01-30 14:58:50] [INFO] PikSendRetry: Retrying unknown (attempt 1/4)
[2026-01-30 14:58:50] [WARN] PikSendRetry: Attempt 2/5 failed for unknown: PikSend.lrplugin/tests/test_retry_properties.lua:124: Always fail
[2026-01-30 14:58:50] [INFO] PikSendRetry: Retrying unknown (attempt 2/4)
[2026-01-30 14:58:50] [WARN] PikSendRetry: Attempt 3/5 failed for unknown: PikSend.lrplugin/tests/test_retry_properties.lua:124: Always fail
[2026-01-30 14:58:50] [INFO] PikSendRetry: Retrying unknown (attempt 3/4)
[2026-01-30 14:58:50] [WARN] PikSendRetry: Attempt 4/5 failed for unknown: PikSend.lrplugin/tests/test_retry_properties.lua:124: Always fail
[2026-01-30 14:58:50] [INFO] PikSendRetry: Retrying unknown (attempt 4/4)
[2026-01-30 14:58:50] [WARN] PikSendRetry: Attempt 5/5 failed for unknown: PikSend.lrplugin/tests/test_retry_properties.lua:124: Always fail
[2026-01-30 14:58:50] [ERROR] PikSendRetry: All retry attempts failed for unknown after 5 attempt(s): PikSend.lrplugin/tests/test_retry_properties.lua:124: Always fail
[2026-01-30 14:58:50] [WARN] PikSendRetry: Attempt 1/2 failed for unknown: PikSend.lrplugin/tests/test_retry_properties.lua:124: Always fail
[2026-01-30 14:58:50] [INFO] PikSendRetry: Retrying unknown (attempt 1/1)
[2026-01-30 14:58:50] [WARN] PikSendRetry: Attempt 2/2 failed for unknown: PikSend.lrplugin/tests/test_retry_properties.lua:124: Always fail
[2026-01-30 14:58:50] [ERROR] PikSendRetry: All retry attempts failed for unknown after 2 attempt(s): PikSend.lrplugin/tests/test_retry_properties.lua:124: Always fail
[2026-01-30 14:58:50] [WARN] PikSendRetry: Attempt 1/5 failed for unknown: PikSend.lrplugin/tests/test_retry_properties.lua:124: Always fail
[2026-01-30 14:58:50] [INFO] PikSendRetry: Retrying unknown (attempt 1/4)
[2026-01-30 14:58:50] [WARN] PikSendRetry: Attempt 2/5 failed for unknown: PikSend.lrplugin/tests/test_retry_properties.lua:124: Always fail
[2026-01-30 14:58:50] [INFO] PikSendRetry: Retrying unknown (attempt 2/4)
[2026-01-30 14:58:50] [WARN] PikSendRetry: Attempt 3/5 failed for unknown: PikSend.lrplugin/tests/test_retry_properties.lua:124: Always fail
[2026-01-30 14:58:50] [INFO] PikSendRetry: Retrying unknown (attempt 3/4)
[2026-01-30 14:58:50] [WARN] PikSendRetry: Attempt 4/5 failed for unknown: PikSend.lrplugin/tests/test_retry_properties.lua:124: Always fail
[2026-01-30 14:58:50] [INFO] PikSendRetry: Retrying unknown (attempt 4/4)
[2026-01-30 14:58:50] [WARN] PikSendRetry: Attempt 5/5 failed for unknown: PikSend.lrplugin/tests/test_retry_properties.lua:124: Always fail
[2026-01-30 14:58:50] [ERROR] PikSendRetry: All retry attempts failed for unknown after 5 attempt(s): PikSend.lrplugin/tests/test_retry_properties.lua:124: Always fail
[2026-01-30 14:58:50] [WARN] PikSendRetry: Attempt 1/2 failed for unknown: PikSend.lrplugin/tests/test_retry_properties.lua:124: Always fail
[2026-01-30 14:58:50] [INFO] PikSendRetry: Retrying unknown (attempt 1/1)
[2026-01-30 14:58:50] [WARN] PikSendRetry: Attempt 2/2 failed for unknown: PikSend.lrplugin/tests/test_retry_properties.lua:124: Always fail
[2026-01-30 14:58:50] [ERROR] PikSendRetry: All retry attempts failed for unknown after 2 attempt(s): PikSend.lrplugin/tests/test_retry_properties.lua:124: Always fail
[2026-01-30 14:58:50] [WARN] PikSendRetry: Attempt 1/2 failed for unknown: PikSend.lrplugin/tests/test_retry_properties.lua:124: Always fail
[2026-01-30 14:58:50] [INFO] PikSendRetry: Retrying unknown (attempt 1/1)
[2026-01-30 14:58:50] [WARN] PikSendRetry: Attempt 2/2 failed for unknown: PikSend.lrplugin/tests/test_retry_properties.lua:124: Always fail
[2026-01-30 14:58:50] [ERROR] PikSendRetry: All retry attempts failed for unknown after 2 attempt(s): PikSend.lrplugin/tests/test_retry_properties.lua:124: Always fail
[2026-01-30 14:58:50] [WARN] PikSendRetry: Attempt 1/3 failed for unknown: PikSend.lrplugin/tests/test_retry_properties.lua:124: Always fail
[2026-01-30 14:58:50] [INFO] PikSendRetry: Retrying unknown (attempt 1/2)
[2026-01-30 14:58:50] [WARN] PikSendRetry: Attempt 2/3 failed for unknown: PikSend.lrplugin/tests/test_retry_properties.lua:124: Always fail
[2026-01-30 14:58:50] [INFO] PikSendRetry: Retrying unknown (attempt 2/2)
[2026-01-30 14:58:50] [WARN] PikSendRetry: Attempt 3/3 failed for unknown: PikSend.lrplugin/tests/test_retry_properties.lua:124: Always fail
[2026-01-30 14:58:50] [ERROR] PikSendRetry: All retry attempts failed for unknown after 3 attempt(s): PikSend.lrplugin/tests/test_retry_properties.lua:124: Always fail
[2026-01-30 14:58:50] [WARN] PikSendRetry: Attempt 1/2 failed for unknown: PikSend.lrplugin/tests/test_retry_properties.lua:124: Always fail
[2026-01-30 14:58:50] [INFO] PikSendRetry: Retrying unknown (attempt 1/1)
[2026-01-30 14:58:50] [WARN] PikSendRetry: Attempt 2/2 failed for unknown: PikSend.lrplugin/tests/test_retry_properties.lua:124: Always fail
[2026-01-30 14:58:50] [ERROR] PikSendRetry: All retry attempts failed for unknown after 2 attempt(s): PikSend.lrplugin/tests/test_retry_properties.lua:124: Always fail
[2026-01-30 14:58:50] [WARN] PikSendRetry: Attempt 1/2 failed for unknown: PikSend.lrplugin/tests/test_retry_properties.lua:124: Always fail
[2026-01-30 14:58:50] [INFO] PikSendRetry: Retrying unknown (attempt 1/1)
[2026-01-30 14:58:50] [WARN] PikSendRetry: Attempt 2/2 failed for unknown: PikSend.lrplugin/tests/test_retry_properties.lua:124: Always fail
[2026-01-30 14:58:50] [ERROR] PikSendRetry: All retry attempts failed for unknown after 2 attempt(s): PikSend.lrplugin/tests/test_retry_properties.lua:124: Always fail
[2026-01-30 14:58:50] [WARN] PikSendRetry: Attempt 1/2 failed for unknown: PikSend.lrplugin/tests/test_retry_properties.lua:124: Always fail
[2026-01-30 14:58:50] [INFO] PikSendRetry: Retrying unknown (attempt 1/1)
[2026-01-30 14:58:50] [WARN] PikSendRetry: Attempt 2/2 failed for unknown: PikSend.lrplugin/tests/test_retry_properties.lua:124: Always fail
[2026-01-30 14:58:50] [ERROR] PikSendRetry: All retry attempts failed for unknown after 2 attempt(s): PikSend.lrplugin/tests/test_retry_properties.lua:124: Always fail
[2026-01-30 14:58:50] [WARN] PikSendRetry: Attempt 1/3 failed for unknown: PikSend.lrplugin/tests/test_retry_properties.lua:124: Always fail
[2026-01-30 14:58:50] [INFO] PikSendRetry: Retrying unknown (attempt 1/2)
[2026-01-30 14:58:50] [WARN] PikSendRetry: Attempt 2/3 failed for unknown: PikSend.lrplugin/tests/test_retry_properties.lua:124: Always fail
[2026-01-30 14:58:50] [INFO] PikSendRetry: Retrying unknown (attempt 2/2)
[2026-01-30 14:58:50] [WARN] PikSendRetry: Attempt 3/3 failed for unknown: PikSend.lrplugin/tests/test_retry_properties.lua:124: Always fail
[2026-01-30 14:58:50] [ERROR] PikSendRetry: All retry attempts failed for unknown after 3 attempt(s): PikSend.lrplugin/tests/test_retry_properties.lua:124: Always fail
[2026-01-30 14:58:50] [WARN] PikSendRetry: Attempt 1/3 failed for unknown: PikSend.lrplugin/tests/test_retry_properties.lua:124: Always fail
[2026-01-30 14:58:50] [INFO] PikSendRetry: Retrying unknown (attempt 1/2)
[2026-01-30 14:58:50] [WARN] PikSendRetry: Attempt 2/3 failed for unknown: PikSend.lrplugin/tests/test_retry_properties.lua:124: Always fail
[2026-01-30 14:58:50] [INFO] PikSendRetry: Retrying unknown (attempt 2/2)
[2026-01-30 14:58:50] [WARN] PikSendRetry: Attempt 3/3 failed for unknown: PikSend.lrplugin/tests/test_retry_properties.lua:124: Always fail
[2026-01-30 14:58:50] [ERROR] PikSendRetry: All retry attempts failed for unknown after 3 attempt(s): PikSend.lrplugin/tests/test_retry_properties.lua:124: Always fail
[2026-01-30 14:58:50] [WARN] PikSendRetry: Attempt 1/2 failed for unknown: PikSend.lrplugin/tests/test_retry_properties.lua:124: Always fail
[2026-01-30 14:58:50] [INFO] PikSendRetry: Retrying unknown (attempt 1/1)
[2026-01-30 14:58:50] [WARN] PikSendRetry: Attempt 2/2 failed for unknown: PikSend.lrplugin/tests/test_retry_properties.lua:124: Always fail
[2026-01-30 14:58:50] [ERROR] PikSendRetry: All retry attempts failed for unknown after 2 attempt(s): PikSend.lrplugin/tests/test_retry_properties.lua:124: Always fail
[2026-01-30 14:58:50] [WARN] PikSendRetry: Attempt 1/5 failed for unknown: PikSend.lrplugin/tests/test_retry_properties.lua:124: Always fail
[2026-01-30 14:58:50] [INFO] PikSendRetry: Retrying unknown (attempt 1/4)
[2026-01-30 14:58:50] [WARN] PikSendRetry: Attempt 2/5 failed for unknown: PikSend.lrplugin/tests/test_retry_properties.lua:124: Always fail
[2026-01-30 14:58:50] [INFO] PikSendRetry: Retrying unknown (attempt 2/4)
[2026-01-30 14:58:50] [WARN] PikSendRetry: Attempt 3/5 failed for unknown: PikSend.lrplugin/tests/test_retry_properties.lua:124: Always fail
[2026-01-30 14:58:50] [INFO] PikSendRetry: Retrying unknown (attempt 3/4)
[2026-01-30 14:58:50] [WARN] PikSendRetry: Attempt 4/5 failed for unknown: PikSend.lrplugin/tests/test_retry_properties.lua:124: Always fail
[2026-01-30 14:58:50] [INFO] PikSendRetry: Retrying unknown (attempt 4/4)
[2026-01-30 14:58:50] [WARN] PikSendRetry: Attempt 5/5 failed for unknown: PikSend.lrplugin/tests/test_retry_properties.lua:124: Always fail
[2026-01-30 14:58:50] [ERROR] PikSendRetry: All retry attempts failed for unknown after 5 attempt(s): PikSend.lrplugin/tests/test_retry_properties.lua:124: Always fail
[2026-01-30 14:58:50] [WARN] PikSendRetry: Attempt 1/2 failed for unknown: PikSend.lrplugin/tests/test_retry_properties.lua:124: Always fail
[2026-01-30 14:58:50] [INFO] PikSendRetry: Retrying unknown (attempt 1/1)
[2026-01-30 14:58:50] [WARN] PikSendRetry: Attempt 2/2 failed for unknown: PikSend.lrplugin/tests/test_retry_properties.lua:124: Always fail
[2026-01-30 14:58:50] [ERROR] PikSendRetry: All retry attempts failed for unknown after 2 attempt(s): PikSend.lrplugin/tests/test_retry_properties.lua:124: Always fail
[2026-01-30 14:58:50] [WARN] PikSendRetry: Attempt 1/2 failed for unknown: PikSend.lrplugin/tests/test_retry_properties.lua:124: Always fail
[2026-01-30 14:58:50] [INFO] PikSendRetry: Retrying unknown (attempt 1/1)
[2026-01-30 14:58:50] [WARN] PikSendRetry: Attempt 2/2 failed for unknown: PikSend.lrplugin/tests/test_retry_properties.lua:124: Always fail
[2026-01-30 14:58:50] [ERROR] PikSendRetry: All retry attempts failed for unknown after 2 attempt(s): PikSend.lrplugin/tests/test_retry_properties.lua:124: Always fail
[2026-01-30 14:58:50] [WARN] PikSendRetry: Attempt 1/6 failed for unknown: PikSend.lrplugin/tests/test_retry_properties.lua:124: Always fail
[2026-01-30 14:58:50] [INFO] PikSendRetry: Retrying unknown (attempt 1/5)
[2026-01-30 14:58:50] [WARN] PikSendRetry: Attempt 2/6 failed for unknown: PikSend.lrplugin/tests/test_retry_properties.lua:124: Always fail
[2026-01-30 14:58:50] [INFO] PikSendRetry: Retrying unknown (attempt 2/5)
[2026-01-30 14:58:50] [WARN] PikSendRetry: Attempt 3/6 failed for unknown: PikSend.lrplugin/tests/test_retry_properties.lua:124: Always fail
[2026-01-30 14:58:50] [INFO] PikSendRetry: Retrying unknown (attempt 3/5)
[2026-01-30 14:58:50] [WARN] PikSendRetry: Attempt 4/6 failed for unknown: PikSend.lrplugin/tests/test_retry_properties.lua:124: Always fail
[2026-01-30 14:58:50] [INFO] PikSendRetry: Retrying unknown (attempt 4/5)
[2026-01-30 14:58:50] [WARN] PikSendRetry: Attempt 5/6 failed for unknown: PikSend.lrplugin/tests/test_retry_properties.lua:124: Always fail
[2026-01-30 14:58:50] [INFO] PikSendRetry: Retrying unknown (attempt 5/5)
[2026-01-30 14:58:50] [WARN] PikSendRetry: Attempt 6/6 failed for unknown: PikSend.lrplugin/tests/test_retry_properties.lua:124: Always fail
[2026-01-30 14:58:50] [ERROR] PikSendRetry: All retry attempts failed for unknown after 6 attempt(s): PikSend.lrplugin/tests/test_retry_properties.lua:124: Always fail
[2026-01-30 14:58:50] [WARN] PikSendRetry: Attempt 1/11 failed for unknown: PikSend.lrplugin/tests/test_retry_properties.lua:312: Not yet
[2026-01-30 14:58:50] [INFO] PikSendRetry: Retrying unknown (attempt 1/10)
[2026-01-30 14:58:50] [WARN] PikSendRetry: Attempt 2/11 failed for unknown: PikSend.lrplugin/tests/test_retry_properties.lua:312: Not yet
[2026-01-30 14:58:50] [INFO] PikSendRetry: Retrying unknown (attempt 2/10)
[2026-01-30 14:58:50] [WARN] PikSendRetry: Attempt 3/11 failed for unknown: PikSend.lrplugin/tests/test_retry_properties.lua:312: Not yet
[2026-01-30 14:58:50] [INFO] PikSendRetry: Retrying unknown (attempt 3/10)
[2026-01-30 14:58:50] [WARN] PikSendRetry: Attempt 4/11 failed for unknown: PikSend.lrplugin/tests/test_retry_properties.lua:312: Not yet
[2026-01-30 14:58:50] [INFO] PikSendRetry: Retrying unknown (attempt 4/10)
[2026-01-30 14:58:50] [INFO] PikSendRetry: Retry successful for unknown after 4 attempt(s)
[2026-01-30 14:58:50] [WARN] PikSendRetry: Attempt 1/11 failed for unknown: PikSend.lrplugin/tests/test_retry_properties.lua:312: Not yet
[2026-01-30 14:58:50] [INFO] PikSendRetry: Retrying unknown (attempt 1/10)
[2026-01-30 14:58:50] [WARN] PikSendRetry: Attempt 2/11 failed for unknown: PikSend.lrplugin/tests/test_retry_properties.lua:312: Not yet
[2026-01-30 14:58:50] [INFO] PikSendRetry: Retrying unknown (attempt 2/10)
[2026-01-30 14:58:50] [WARN] PikSendRetry: Attempt 3/11 failed for unknown: PikSend.lrplugin/tests/test_retry_properties.lua:312: Not yet
[2026-01-30 14:58:50] [INFO] PikSendRetry: Retrying unknown (attempt 3/10)
[2026-01-30 14:58:50] [INFO] PikSendRetry: Retry successful for unknown after 3 attempt(s)
[2026-01-30 14:58:50] [WARN] PikSendRetry: Attempt 1/11 failed for unknown: PikSend.lrplugin/tests/test_retry_properties.lua:312: Not yet
[2026-01-30 14:58:50] [INFO] PikSendRetry: Retrying unknown (attempt 1/10)
[2026-01-30 14:58:50] [INFO] PikSendRetry: Retry successful for unknown after 1 attempt(s)
[2026-01-30 14:58:50] [WARN] PikSendRetry: Attempt 1/11 failed for unknown: PikSend.lrplugin/tests/test_retry_properties.lua:312: Not yet
[2026-01-30 14:58:50] [INFO] PikSendRetry: Retrying unknown (attempt 1/10)
[2026-01-30 14:58:50] [INFO] PikSendRetry: Retry successful for unknown after 1 attempt(s)
[2026-01-30 14:58:50] [WARN] PikSendRetry: Attempt 1/11 failed for unknown: PikSend.lrplugin/tests/test_retry_properties.lua:312: Not yet
[2026-01-30 14:58:50] [INFO] PikSendRetry: Retrying unknown (attempt 1/10)
[2026-01-30 14:58:50] [INFO] PikSendRetry: Retry successful for unknown after 1 attempt(s)
[2026-01-30 14:58:50] [WARN] PikSendRetry: Attempt 1/11 failed for unknown: PikSend.lrplugin/tests/test_retry_properties.lua:312: Not yet
[2026-01-30 14:58:50] [INFO] PikSendRetry: Retrying unknown (attempt 1/10)
[2026-01-30 14:58:50] [WARN] PikSendRetry: Attempt 2/11 failed for unknown: PikSend.lrplugin/tests/test_retry_properties.lua:312: Not yet
[2026-01-30 14:58:50] [INFO] PikSendRetry: Retrying unknown (attempt 2/10)
[2026-01-30 14:58:50] [WARN] PikSendRetry: Attempt 3/11 failed for unknown: PikSend.lrplugin/tests/test_retry_properties.lua:312: Not yet
[2026-01-30 14:58:50] [INFO] PikSendRetry: Retrying unknown (attempt 3/10)
[2026-01-30 14:58:50] [INFO] PikSendRetry: Retry successful for unknown after 3 attempt(s)
[2026-01-30 14:58:50] [WARN] PikSendRetry: Attempt 1/11 failed for unknown: PikSend.lrplugin/tests/test_retry_properties.lua:312: Not yet
[2026-01-30 14:58:50] [INFO] PikSendRetry: Retrying unknown (attempt 1/10)
[2026-01-30 14:58:50] [WARN] PikSendRetry: Attempt 2/11 failed for unknown: PikSend.lrplugin/tests/test_retry_properties.lua:312: Not yet
[2026-01-30 14:58:50] [INFO] PikSendRetry: Retrying unknown (attempt 2/10)
[2026-01-30 14:58:50] [WARN] PikSendRetry: Attempt 3/11 failed for unknown: PikSend.lrplugin/tests/test_retry_properties.lua:312: Not yet
[2026-01-30 14:58:50] [INFO] PikSendRetry: Retrying unknown (attempt 3/10)
[2026-01-30 14:58:50] [INFO] PikSendRetry: Retry successful for unknown after 3 attempt(s)
[2026-01-30 14:58:50] [WARN] PikSendRetry: Attempt 1/11 failed for unknown: PikSend.lrplugin/tests/test_retry_properties.lua:312: Not yet
[2026-01-30 14:58:50] [INFO] PikSendRetry: Retrying unknown (attempt 1/10)
[2026-01-30 14:58:50] [WARN] PikSendRetry: Attempt 2/11 failed for unknown: PikSend.lrplugin/tests/test_retry_properties.lua:312: Not yet
[2026-01-30 14:58:50] [INFO] PikSendRetry: Retrying unknown (attempt 2/10)
[2026-01-30 14:58:50] [INFO] PikSendRetry: Retry successful for unknown after 2 attempt(s)
[2026-01-30 14:58:50] [WARN] PikSendRetry: Attempt 1/11 failed for unknown: PikSend.lrplugin/tests/test_retry_properties.lua:312: Not yet
[2026-01-30 14:58:50] [INFO] PikSendRetry: Retrying unknown (attempt 1/10)
[2026-01-30 14:58:50] [WARN] PikSendRetry: Attempt 2/11 failed for unknown: PikSend.lrplugin/tests/test_retry_properties.lua:312: Not yet
[2026-01-30 14:58:50] [INFO] PikSendRetry: Retrying unknown (attempt 2/10)
[2026-01-30 14:58:50] [WARN] PikSendRetry: Attempt 3/11 failed for unknown: PikSend.lrplugin/tests/test_retry_properties.lua:312: Not yet
[2026-01-30 14:58:50] [INFO] PikSendRetry: Retrying unknown (attempt 3/10)
[2026-01-30 14:58:50] [WARN] PikSendRetry: Attempt 4/11 failed for unknown: PikSend.lrplugin/tests/test_retry_properties.lua:312: Not yet
[2026-01-30 14:58:50] [INFO] PikSendRetry: Retrying unknown (attempt 4/10)
[2026-01-30 14:58:50] [INFO] PikSendRetry: Retry successful for unknown after 4 attempt(s)
[2026-01-30 14:58:50] [WARN] PikSendRetry: Attempt 1/11 failed for unknown: PikSend.lrplugin/tests/test_retry_properties.lua:312: Not yet
[2026-01-30 14:58:50] [INFO] PikSendRetry: Retrying unknown (attempt 1/10)
[2026-01-30 14:58:50] [WARN] PikSendRetry: Attempt 2/11 failed for unknown: PikSend.lrplugin/tests/test_retry_properties.lua:312: Not yet
[2026-01-30 14:58:50] [INFO] PikSendRetry: Retrying unknown (attempt 2/10)
[2026-01-30 14:58:50] [WARN] PikSendRetry: Attempt 3/11 failed for unknown: PikSend.lrplugin/tests/test_retry_properties.lua:312: Not yet
[2026-01-30 14:58:50] [INFO] PikSendRetry: Retrying unknown (attempt 3/10)
[2026-01-30 14:58:50] [INFO] PikSendRetry: Retry successful for unknown after 3 attempt(s)
[2026-01-30 14:58:50] [WARN] PikSendRetry: Attempt 1/11 failed for unknown: PikSend.lrplugin/tests/test_retry_properties.lua:312: Not yet
[2026-01-30 14:58:50] [INFO] PikSendRetry: Retrying unknown (attempt 1/10)
[2026-01-30 14:58:50] [WARN] PikSendRetry: Attempt 2/11 failed for unknown: PikSend.lrplugin/tests/test_retry_properties.lua:312: Not yet
[2026-01-30 14:58:50] [INFO] PikSendRetry: Retrying unknown (attempt 2/10)
[2026-01-30 14:58:50] [INFO] PikSendRetry: Retry successful for unknown after 2 attempt(s)
[2026-01-30 14:58:50] [WARN] PikSendRetry: Attempt 1/11 failed for unknown: PikSend.lrplugin/tests/test_retry_properties.lua:312: Not yet
[2026-01-30 14:58:50] [INFO] PikSendRetry: Retrying unknown (attempt 1/10)
[2026-01-30 14:58:50] [WARN] PikSendRetry: Attempt 2/11 failed for unknown: PikSend.lrplugin/tests/test_retry_properties.lua:312: Not yet
[2026-01-30 14:58:50] [INFO] PikSendRetry: Retrying unknown (attempt 2/10)
[2026-01-30 14:58:50] [WARN] PikSendRetry: Attempt 3/11 failed for unknown: PikSend.lrplugin/tests/test_retry_properties.lua:312: Not yet
[2026-01-30 14:58:50] [INFO] PikSendRetry: Retrying unknown (attempt 3/10)
[2026-01-30 14:58:50] [WARN] PikSendRetry: Attempt 4/11 failed for unknown: PikSend.lrplugin/tests/test_retry_properties.lua:312: Not yet
[2026-01-30 14:58:50] [INFO] PikSendRetry: Retrying unknown (attempt 4/10)
[2026-01-30 14:58:50] [INFO] PikSendRetry: Retry successful for unknown after 4 attempt(s)
[2026-01-30 14:58:50] [WARN] PikSendRetry: Attempt 1/11 failed for unknown: PikSend.lrplugin/tests/test_retry_properties.lua:312: Not yet
[2026-01-30 14:58:50] [INFO] PikSendRetry: Retrying unknown (attempt 1/10)
[2026-01-30 14:58:50] [WARN] PikSendRetry: Attempt 2/11 failed for unknown: PikSend.lrplugin/tests/test_retry_properties.lua:312: Not yet
[2026-01-30 14:58:50] [INFO] PikSendRetry: Retrying unknown (attempt 2/10)
[2026-01-30 14:58:50] [WARN] PikSendRetry: Attempt 3/11 failed for unknown: PikSend.lrplugin/tests/test_retry_properties.lua:312: Not yet
[2026-01-30 14:58:50] [INFO] PikSendRetry: Retrying unknown (attempt 3/10)
[2026-01-30 14:58:50] [WARN] PikSendRetry: Attempt 4/11 failed for unknown: PikSend.lrplugin/tests/test_retry_properties.lua:312: Not yet
[2026-01-30 14:58:50] [INFO] PikSendRetry: Retrying unknown (attempt 4/10)
[2026-01-30 14:58:50] [INFO] PikSendRetry: Retry successful for unknown after 4 attempt(s)
[2026-01-30 14:58:50] [WARN] PikSendRetry: Attempt 1/11 failed for unknown: PikSend.lrplugin/tests/test_retry_properties.lua:312: Not yet
[2026-01-30 14:58:50] [INFO] PikSendRetry: Retrying unknown (attempt 1/10)
[2026-01-30 14:58:50] [WARN] PikSendRetry: Attempt 2/11 failed for unknown: PikSend.lrplugin/tests/test_retry_properties.lua:312: Not yet
[2026-01-30 14:58:50] [INFO] PikSendRetry: Retrying unknown (attempt 2/10)
[2026-01-30 14:58:50] [INFO] PikSendRetry: Retry successful for unknown after 2 attempt(s)
[2026-01-30 14:58:50] [WARN] PikSendRetry: Attempt 1/11 failed for unknown: PikSend.lrplugin/tests/test_retry_properties.lua:312: Not yet
[2026-01-30 14:58:50] [INFO] PikSendRetry: Retrying unknown (attempt 1/10)
[2026-01-30 14:58:50] [WARN] PikSendRetry: Attempt 2/11 failed for unknown: PikSend.lrplugin/tests/test_retry_properties.lua:312: Not yet
[2026-01-30 14:58:50] [INFO] PikSendRetry: Retrying unknown (attempt 2/10)
[2026-01-30 14:58:50] [WARN] PikSendRetry: Attempt 3/11 failed for unknown: PikSend.lrplugin/tests/test_retry_properties.lua:312: Not yet
[2026-01-30 14:58:50] [INFO] PikSendRetry: Retrying unknown (attempt 3/10)
[2026-01-30 14:58:50] [WARN] PikSendRetry: Attempt 4/11 failed for unknown: PikSend.lrplugin/tests/test_retry_properties.lua:312: Not yet
[2026-01-30 14:58:50] [INFO] PikSendRetry: Retrying unknown (attempt 4/10)
[2026-01-30 14:58:50] [INFO] PikSendRetry: Retry successful for unknown after 4 attempt(s)
[2026-01-30 14:58:50] [WARN] PikSendRetry: Attempt 1/11 failed for unknown: PikSend.lrplugin/tests/test_retry_properties.lua:312: Not yet
[2026-01-30 14:58:50] [INFO] PikSendRetry: Retrying unknown (attempt 1/10)
[2026-01-30 14:58:50] [WARN] PikSendRetry: Attempt 2/11 failed for unknown: PikSend.lrplugin/tests/test_retry_properties.lua:312: Not yet
[2026-01-30 14:58:50] [INFO] PikSendRetry: Retrying unknown (attempt 2/10)
[2026-01-30 14:58:50] [WARN] PikSendRetry: Attempt 3/11 failed for unknown: PikSend.lrplugin/tests/test_retry_properties.lua:312: Not yet
[2026-01-30 14:58:50] [INFO] PikSendRetry: Retrying unknown (attempt 3/10)
[2026-01-30 14:58:50] [WARN] PikSendRetry: Attempt 4/11 failed for unknown: PikSend.lrplugin/tests/test_retry_properties.lua:312: Not yet
[2026-01-30 14:58:50] [INFO] PikSendRetry: Retrying unknown (attempt 4/10)
[2026-01-30 14:58:50] [INFO] PikSendRetry: Retry successful for unknown after 4 attempt(s)
[2026-01-30 14:58:50] [WARN] PikSendRetry: Attempt 1/11 failed for unknown: PikSend.lrplugin/tests/test_retry_properties.lua:312: Not yet
[2026-01-30 14:58:50] [INFO] PikSendRetry: Retrying unknown (attempt 1/10)
[2026-01-30 14:58:50] [WARN] PikSendRetry: Attempt 2/11 failed for unknown: PikSend.lrplugin/tests/test_retry_properties.lua:312: Not yet
[2026-01-30 14:58:50] [INFO] PikSendRetry: Retrying unknown (attempt 2/10)
[2026-01-30 14:58:50] [WARN] PikSendRetry: Attempt 3/11 failed for unknown: PikSend.lrplugin/tests/test_retry_properties.lua:312: Not yet
[2026-01-30 14:58:50] [INFO] PikSendRetry: Retrying unknown (attempt 3/10)
[2026-01-30 14:58:50] [WARN] PikSendRetry: Attempt 4/11 failed for unknown: PikSend.lrplugin/tests/test_retry_properties.lua:312: Not yet
[2026-01-30 14:58:50] [INFO] PikSendRetry: Retrying unknown (attempt 4/10)
[2026-01-30 14:58:50] [INFO] PikSendRetry: Retry successful for unknown after 4 attempt(s)
[2026-01-30 14:58:50] [WARN] PikSendRetry: Attempt 1/11 failed for unknown: PikSend.lrplugin/tests/test_retry_properties.lua:312: Not yet
[2026-01-30 14:58:50] [INFO] PikSendRetry: Retrying unknown (attempt 1/10)
[2026-01-30 14:58:50] [WARN] PikSendRetry: Attempt 2/11 failed for unknown: PikSend.lrplugin/tests/test_retry_properties.lua:312: Not yet
[2026-01-30 14:58:50] [INFO] PikSendRetry: Retrying unknown (attempt 2/10)
[2026-01-30 14:58:50] [WARN] PikSendRetry: Attempt 3/11 failed for unknown: PikSend.lrplugin/tests/test_retry_properties.lua:312: Not yet
[2026-01-30 14:58:50] [INFO] PikSendRetry: Retrying unknown (attempt 3/10)
[2026-01-30 14:58:50] [WARN] PikSendRetry: Attempt 4/11 failed for unknown: PikSend.lrplugin/tests/test_retry_properties.lua:312: Not yet
[2026-01-30 14:58:50] [INFO] PikSendRetry: Retrying unknown (attempt 4/10)
[2026-01-30 14:58:50] [INFO] PikSendRetry: Retry successful for unknown after 4 attempt(s)
[2026-01-30 14:58:50] [WARN] PikSendRetry: Attempt 1/11 failed for unknown: PikSend.lrplugin/tests/test_retry_properties.lua:312: Not yet
[2026-01-30 14:58:50] [INFO] PikSendRetry: Retrying unknown (attempt 1/10)
[2026-01-30 14:58:50] [WARN] PikSendRetry: Attempt 2/11 failed for unknown: PikSend.lrplugin/tests/test_retry_properties.lua:312: Not yet
[2026-01-30 14:58:50] [INFO] PikSendRetry: Retrying unknown (attempt 2/10)
[2026-01-30 14:58:50] [INFO] PikSendRetry: Retry successful for unknown after 2 attempt(s)
[2026-01-30 14:58:50] [WARN] PikSendRetry: Attempt 1/11 failed for unknown: PikSend.lrplugin/tests/test_retry_properties.lua:312: Not yet
[2026-01-30 14:58:50] [INFO] PikSendRetry: Retrying unknown (attempt 1/10)
[2026-01-30 14:58:50] [WARN] PikSendRetry: Attempt 2/11 failed for unknown: PikSend.lrplugin/tests/test_retry_properties.lua:312: Not yet
[2026-01-30 14:58:50] [INFO] PikSendRetry: Retrying unknown (attempt 2/10)
[2026-01-30 14:58:50] [WARN] PikSendRetry: Attempt 3/11 failed for unknown: PikSend.lrplugin/tests/test_retry_properties.lua:312: Not yet
[2026-01-30 14:58:50] [INFO] PikSendRetry: Retrying unknown (attempt 3/10)
[2026-01-30 14:58:50] [INFO] PikSendRetry: Retry successful for unknown after 3 attempt(s)
[2026-01-30 14:58:50] [WARN] PikSendRetry: Attempt 1/11 failed for unknown: PikSend.lrplugin/tests/test_retry_properties.lua:312: Not yet
[2026-01-30 14:58:50] [INFO] PikSendRetry: Retrying unknown (attempt 1/10)
[2026-01-30 14:58:50] [INFO] PikSendRetry: Retry successful for unknown after 1 attempt(s)
[2026-01-30 14:58:50] [WARN] PikSendRetry: Attempt 1/11 failed for unknown: PikSend.lrplugin/tests/test_retry_properties.lua:312: Not yet
[2026-01-30 14:58:50] [INFO] PikSendRetry: Retrying unknown (attempt 1/10)
[2026-01-30 14:58:50] [INFO] PikSendRetry: Retry successful for unknown after 1 attempt(s)
[2026-01-30 14:58:50] [WARN] PikSendRetry: Attempt 1/11 failed for unknown: PikSend.lrplugin/tests/test_retry_properties.lua:312: Not yet
[2026-01-30 14:58:50] [INFO] PikSendRetry: Retrying unknown (attempt 1/10)
[2026-01-30 14:58:50] [INFO] PikSendRetry: Retry successful for unknown after 1 attempt(s)
[2026-01-30 14:58:50] [WARN] PikSendRetry: Attempt 1/11 failed for unknown: PikSend.lrplugin/tests/test_retry_properties.lua:312: Not yet
[2026-01-30 14:58:50] [INFO] PikSendRetry: Retrying unknown (attempt 1/10)
[2026-01-30 14:58:50] [WARN] PikSendRetry: Attempt 2/11 failed for unknown: PikSend.lrplugin/tests/test_retry_properties.lua:312: Not yet
[2026-01-30 14:58:50] [INFO] PikSendRetry: Retrying unknown (attempt 2/10)
[2026-01-30 14:58:50] [INFO] PikSendRetry: Retry successful for unknown after 2 attempt(s)
[2026-01-30 14:58:50] [WARN] PikSendRetry: Attempt 1/11 failed for unknown: PikSend.lrplugin/tests/test_retry_properties.lua:312: Not yet
[2026-01-30 14:58:50] [INFO] PikSendRetry: Retrying unknown (attempt 1/10)
[2026-01-30 14:58:50] [WARN] PikSendRetry: Attempt 2/11 failed for unknown: PikSend.lrplugin/tests/test_retry_properties.lua:312: Not yet
[2026-01-30 14:58:50] [INFO] PikSendRetry: Retrying unknown (attempt 2/10)
[2026-01-30 14:58:50] [INFO] PikSendRetry: Retry successful for unknown after 2 attempt(s)
[2026-01-30 14:58:50] [WARN] PikSendRetry: Attempt 1/11 failed for unknown: PikSend.lrplugin/tests/test_retry_properties.lua:312: Not yet
[2026-01-30 14:58:50] [INFO] PikSendRetry: Retrying unknown (attempt 1/10)
[2026-01-30 14:58:50] [WARN] PikSendRetry: Attempt 2/11 failed for unknown: PikSend.lrplugin/tests/test_retry_properties.lua:312: Not yet
[2026-01-30 14:58:50] [INFO] PikSendRetry: Retrying unknown (attempt 2/10)
[2026-01-30 14:58:50] [WARN] PikSendRetry: Attempt 3/11 failed for unknown: PikSend.lrplugin/tests/test_retry_properties.lua:312: Not yet
[2026-01-30 14:58:50] [INFO] PikSendRetry: Retrying unknown (attempt 3/10)
[2026-01-30 14:58:50] [INFO] PikSendRetry: Retry successful for unknown after 3 attempt(s)
[2026-01-30 14:58:50] [WARN] PikSendRetry: Attempt 1/11 failed for unknown: PikSend.lrplugin/tests/test_retry_properties.lua:312: Not yet
[2026-01-30 14:58:50] [INFO] PikSendRetry: Retrying unknown (attempt 1/10)
[2026-01-30 14:58:50] [WARN] PikSendRetry: Attempt 2/11 failed for unknown: PikSend.lrplugin/tests/test_retry_properties.lua:312: Not yet
[2026-01-30 14:58:50] [INFO] PikSendRetry: Retrying unknown (attempt 2/10)
[2026-01-30 14:58:50] [INFO] PikSendRetry: Retry successful for unknown after 2 attempt(s)
[2026-01-30 14:58:50] [WARN] PikSendRetry: Attempt 1/11 failed for unknown: PikSend.lrplugin/tests/test_retry_properties.lua:312: Not yet
[2026-01-30 14:58:50] [INFO] PikSendRetry: Retrying unknown (attempt 1/10)
[2026-01-30 14:58:50] [INFO] PikSendRetry: Retry successful for unknown after 1 attempt(s)
[2026-01-30 14:58:50] [WARN] PikSendRetry: Attempt 1/11 failed for unknown: PikSend.lrplugin/tests/test_retry_properties.lua:312: Not yet
[2026-01-30 14:58:50] [INFO] PikSendRetry: Retrying unknown (attempt 1/10)
[2026-01-30 14:58:50] [WARN] PikSendRetry: Attempt 2/11 failed for unknown: PikSend.lrplugin/tests/test_retry_properties.lua:312: Not yet
[2026-01-30 14:58:50] [INFO] PikSendRetry: Retrying unknown (attempt 2/10)
[2026-01-30 14:58:50] [WARN] PikSendRetry: Attempt 3/11 failed for unknown: PikSend.lrplugin/tests/test_retry_properties.lua:312: Not yet
[2026-01-30 14:58:50] [INFO] PikSendRetry: Retrying unknown (attempt 3/10)
[2026-01-30 14:58:50] [WARN] PikSendRetry: Attempt 4/11 failed for unknown: PikSend.lrplugin/tests/test_retry_properties.lua:312: Not yet
[2026-01-30 14:58:50] [INFO] PikSendRetry: Retrying unknown (attempt 4/10)
[2026-01-30 14:58:50] [INFO] PikSendRetry: Retry successful for unknown after 4 attempt(s)
[2026-01-30 14:58:50] [WARN] PikSendRetry: Attempt 1/11 failed for unknown: PikSend.lrplugin/tests/test_retry_properties.lua:312: Not yet
[2026-01-30 14:58:50] [INFO] PikSendRetry: Retrying unknown (attempt 1/10)
[2026-01-30 14:58:50] [WARN] PikSendRetry: Attempt 2/11 failed for unknown: PikSend.lrplugin/tests/test_retry_properties.lua:312: Not yet
[2026-01-30 14:58:50] [INFO] PikSendRetry: Retrying unknown (attempt 2/10)
[2026-01-30 14:58:50] [WARN] PikSendRetry: Attempt 3/11 failed for unknown: PikSend.lrplugin/tests/test_retry_properties.lua:312: Not yet
[2026-01-30 14:58:50] [INFO] PikSendRetry: Retrying unknown (attempt 3/10)
[2026-01-30 14:58:50] [WARN] PikSendRetry: Attempt 4/11 failed for unknown: PikSend.lrplugin/tests/test_retry_properties.lua:312: Not yet
[2026-01-30 14:58:50] [INFO] PikSendRetry: Retrying unknown (attempt 4/10)
[2026-01-30 14:58:50] [INFO] PikSendRetry: Retry successful for unknown after 4 attempt(s)
[2026-01-30 14:58:50] [WARN] PikSendRetry: Attempt 1/11 failed for unknown: PikSend.lrplugin/tests/test_retry_properties.lua:312: Not yet
[2026-01-30 14:58:50] [INFO] PikSendRetry: Retrying unknown (attempt 1/10)
[2026-01-30 14:58:50] [WARN] PikSendRetry: Attempt 2/11 failed for unknown: PikSend.lrplugin/tests/test_retry_properties.lua:312: Not yet
[2026-01-30 14:58:50] [INFO] PikSendRetry: Retrying unknown (attempt 2/10)
[2026-01-30 14:58:50] [WARN] PikSendRetry: Attempt 3/11 failed for unknown: PikSend.lrplugin/tests/test_retry_properties.lua:312: Not yet
[2026-01-30 14:58:50] [INFO] PikSendRetry: Retrying unknown (attempt 3/10)
[2026-01-30 14:58:50] [WARN] PikSendRetry: Attempt 4/11 failed for unknown: PikSend.lrplugin/tests/test_retry_properties.lua:312: Not yet
[2026-01-30 14:58:50] [INFO] PikSendRetry: Retrying unknown (attempt 4/10)
[2026-01-30 14:58:50] [INFO] PikSendRetry: Retry successful for unknown after 4 attempt(s)
[2026-01-30 14:58:50] [WARN] PikSendRetry: Attempt 1/11 failed for unknown: PikSend.lrplugin/tests/test_retry_properties.lua:312: Not yet
[2026-01-30 14:58:50] [INFO] PikSendRetry: Retrying unknown (attempt 1/10)
[2026-01-30 14:58:50] [WARN] PikSendRetry: Attempt 2/11 failed for unknown: PikSend.lrplugin/tests/test_retry_properties.lua:312: Not yet
[2026-01-30 14:58:50] [INFO] PikSendRetry: Retrying unknown (attempt 2/10)
[2026-01-30 14:58:50] [INFO] PikSendRetry: Retry successful for unknown after 2 attempt(s)
[2026-01-30 14:58:50] [WARN] PikSendRetry: Attempt 1/11 failed for unknown: PikSend.lrplugin/tests/test_retry_properties.lua:312: Not yet
[2026-01-30 14:58:50] [INFO] PikSendRetry: Retrying unknown (attempt 1/10)
[2026-01-30 14:58:50] [WARN] PikSendRetry: Attempt 2/11 failed for unknown: PikSend.lrplugin/tests/test_retry_properties.lua:312: Not yet
[2026-01-30 14:58:50] [INFO] PikSendRetry: Retrying unknown (attempt 2/10)
[2026-01-30 14:58:50] [WARN] PikSendRetry: Attempt 3/11 failed for unknown: PikSend.lrplugin/tests/test_retry_properties.lua:312: Not yet
[2026-01-30 14:58:50] [INFO] PikSendRetry: Retrying unknown (attempt 3/10)
[2026-01-30 14:58:50] [INFO] PikSendRetry: Retry successful for unknown after 3 attempt(s)
[2026-01-30 14:58:50] [WARN] PikSendRetry: Attempt 1/11 failed for unknown: PikSend.lrplugin/tests/test_retry_properties.lua:312: Not yet
[2026-01-30 14:58:50] [INFO] PikSendRetry: Retrying unknown (attempt 1/10)
[2026-01-30 14:58:50] [WARN] PikSendRetry: Attempt 2/11 failed for unknown: PikSend.lrplugin/tests/test_retry_properties.lua:312: Not yet
[2026-01-30 14:58:50] [INFO] PikSendRetry: Retrying unknown (attempt 2/10)
[2026-01-30 14:58:50] [INFO] PikSendRetry: Retry successful for unknown after 2 attempt(s)
[2026-01-30 14:58:50] [WARN] PikSendRetry: Attempt 1/11 failed for unknown: PikSend.lrplugin/tests/test_retry_properties.lua:312: Not yet
[2026-01-30 14:58:50] [INFO] PikSendRetry: Retrying unknown (attempt 1/10)
[2026-01-30 14:58:50] [WARN] PikSendRetry: Attempt 2/11 failed for unknown: PikSend.lrplugin/tests/test_retry_properties.lua:312: Not yet
[2026-01-30 14:58:50] [INFO] PikSendRetry: Retrying unknown (attempt 2/10)
[2026-01-30 14:58:50] [WARN] PikSendRetry: Attempt 3/11 failed for unknown: PikSend.lrplugin/tests/test_retry_properties.lua:312: Not yet
[2026-01-30 14:58:50] [INFO] PikSendRetry: Retrying unknown (attempt 3/10)
[2026-01-30 14:58:50] [INFO] PikSendRetry: Retry successful for unknown after 3 attempt(s)
[2026-01-30 14:58:50] [WARN] PikSendRetry: Attempt 1/11 failed for unknown: PikSend.lrplugin/tests/test_retry_properties.lua:312: Not yet
[2026-01-30 14:58:50] [INFO] PikSendRetry: Retrying unknown (attempt 1/10)
[2026-01-30 14:58:50] [WARN] PikSendRetry: Attempt 2/11 failed for unknown: PikSend.lrplugin/tests/test_retry_properties.lua:312: Not yet
[2026-01-30 14:58:50] [INFO] PikSendRetry: Retrying unknown (attempt 2/10)
[2026-01-30 14:58:50] [WARN] PikSendRetry: Attempt 3/11 failed for unknown: PikSend.lrplugin/tests/test_retry_properties.lua:312: Not yet
[2026-01-30 14:58:50] [INFO] PikSendRetry: Retrying unknown (attempt 3/10)
[2026-01-30 14:58:50] [WARN] PikSendRetry: Attempt 4/11 failed for unknown: PikSend.lrplugin/tests/test_retry_properties.lua:312: Not yet
[2026-01-30 14:58:50] [INFO] PikSendRetry: Retrying unknown (attempt 4/10)
[2026-01-30 14:58:50] [INFO] PikSendRetry: Retry successful for unknown after 4 attempt(s)
[2026-01-30 14:58:50] [WARN] PikSendRetry: Attempt 1/11 failed for unknown: PikSend.lrplugin/tests/test_retry_properties.lua:312: Not yet
[2026-01-30 14:58:50] [INFO] PikSendRetry: Retrying unknown (attempt 1/10)
[2026-01-30 14:58:50] [WARN] PikSendRetry: Attempt 2/11 failed for unknown: PikSend.lrplugin/tests/test_retry_properties.lua:312: Not yet
[2026-01-30 14:58:50] [INFO] PikSendRetry: Retrying unknown (attempt 2/10)
[2026-01-30 14:58:50] [WARN] PikSendRetry: Attempt 3/11 failed for unknown: PikSend.lrplugin/tests/test_retry_properties.lua:312: Not yet
[2026-01-30 14:58:50] [INFO] PikSendRetry: Retrying unknown (attempt 3/10)
[2026-01-30 14:58:50] [WARN] PikSendRetry: Attempt 4/11 failed for unknown: PikSend.lrplugin/tests/test_retry_properties.lua:312: Not yet
[2026-01-30 14:58:50] [INFO] PikSendRetry: Retrying unknown (attempt 4/10)
[2026-01-30 14:58:50] [INFO] PikSendRetry: Retry successful for unknown after 4 attempt(s)
[2026-01-30 14:58:50] [WARN] PikSendRetry: Attempt 1/11 failed for unknown: PikSend.lrplugin/tests/test_retry_properties.lua:312: Not yet
[2026-01-30 14:58:50] [INFO] PikSendRetry: Retrying unknown (attempt 1/10)
[2026-01-30 14:58:50] [INFO] PikSendRetry: Retry successful for unknown after 1 attempt(s)
[2026-01-30 14:58:50] [WARN] PikSendRetry: Attempt 1/11 failed for unknown: PikSend.lrplugin/tests/test_retry_properties.lua:312: Not yet
[2026-01-30 14:58:50] [INFO] PikSendRetry: Retrying unknown (attempt 1/10)
[2026-01-30 14:58:50] [INFO] PikSendRetry: Retry successful for unknown after 1 attempt(s)
[2026-01-30 14:58:50] [WARN] PikSendRetry: Attempt 1/11 failed for unknown: PikSend.lrplugin/tests/test_retry_properties.lua:312: Not yet
[2026-01-30 14:58:50] [INFO] PikSendRetry: Retrying unknown (attempt 1/10)
[2026-01-30 14:58:50] [WARN] PikSendRetry: Attempt 2/11 failed for unknown: PikSend.lrplugin/tests/test_retry_properties.lua:312: Not yet
[2026-01-30 14:58:50] [INFO] PikSendRetry: Retrying unknown (attempt 2/10)
[2026-01-30 14:58:50] [WARN] PikSendRetry: Attempt 3/11 failed for unknown: PikSend.lrplugin/tests/test_retry_properties.lua:312: Not yet
[2026-01-30 14:58:50] [INFO] PikSendRetry: Retrying unknown (attempt 3/10)
[2026-01-30 14:58:50] [INFO] PikSendRetry: Retry successful for unknown after 3 attempt(s)
[2026-01-30 14:58:50] [WARN] PikSendRetry: Attempt 1/11 failed for unknown: PikSend.lrplugin/tests/test_retry_properties.lua:312: Not yet
[2026-01-30 14:58:50] [INFO] PikSendRetry: Retrying unknown (attempt 1/10)
[2026-01-30 14:58:50] [WARN] PikSendRetry: Attempt 2/11 failed for unknown: PikSend.lrplugin/tests/test_retry_properties.lua:312: Not yet
[2026-01-30 14:58:50] [INFO] PikSendRetry: Retrying unknown (attempt 2/10)
[2026-01-30 14:58:50] [WARN] PikSendRetry: Attempt 3/11 failed for unknown: PikSend.lrplugin/tests/test_retry_properties.lua:312: Not yet
[2026-01-30 14:58:50] [INFO] PikSendRetry: Retrying unknown (attempt 3/10)
[2026-01-30 14:58:50] [INFO] PikSendRetry: Retry successful for unknown after 3 attempt(s)
[2026-01-30 14:58:50] [WARN] PikSendRetry: Attempt 1/11 failed for unknown: PikSend.lrplugin/tests/test_retry_properties.lua:312: Not yet
[2026-01-30 14:58:50] [INFO] PikSendRetry: Retrying unknown (attempt 1/10)
[2026-01-30 14:58:50] [WARN] PikSendRetry: Attempt 2/11 failed for unknown: PikSend.lrplugin/tests/test_retry_properties.lua:312: Not yet
[2026-01-30 14:58:50] [INFO] PikSendRetry: Retrying unknown (attempt 2/10)
[2026-01-30 14:58:50] [INFO] PikSendRetry: Retry successful for unknown after 2 attempt(s)
[2026-01-30 14:58:50] [WARN] PikSendRetry: Attempt 1/11 failed for unknown: PikSend.lrplugin/tests/test_retry_properties.lua:312: Not yet
[2026-01-30 14:58:50] [INFO] PikSendRetry: Retrying unknown (attempt 1/10)
[2026-01-30 14:58:50] [WARN] PikSendRetry: Attempt 2/11 failed for unknown: PikSend.lrplugin/tests/test_retry_properties.lua:312: Not yet
[2026-01-30 14:58:50] [INFO] PikSendRetry: Retrying unknown (attempt 2/10)
[2026-01-30 14:58:50] [WARN] PikSendRetry: Attempt 3/11 failed for unknown: PikSend.lrplugin/tests/test_retry_properties.lua:312: Not yet
[2026-01-30 14:58:50] [INFO] PikSendRetry: Retrying unknown (attempt 3/10)
[2026-01-30 14:58:50] [INFO] PikSendRetry: Retry successful for unknown after 3 attempt(s)
[2026-01-30 14:58:50] [WARN] PikSendRetry: Attempt 1/11 failed for unknown: PikSend.lrplugin/tests/test_retry_properties.lua:312: Not yet
[2026-01-30 14:58:50] [INFO] PikSendRetry: Retrying unknown (attempt 1/10)
[2026-01-30 14:58:50] [WARN] PikSendRetry: Attempt 2/11 failed for unknown: PikSend.lrplugin/tests/test_retry_properties.lua:312: Not yet
[2026-01-30 14:58:50] [INFO] PikSendRetry: Retrying unknown (attempt 2/10)
[2026-01-30 14:58:50] [INFO] PikSendRetry: Retry successful for unknown after 2 attempt(s)
[2026-01-30 14:58:50] [WARN] PikSendRetry: Attempt 1/11 failed for unknown: PikSend.lrplugin/tests/test_retry_properties.lua:312: Not yet
[2026-01-30 14:58:50] [INFO] PikSendRetry: Retrying unknown (attempt 1/10)
[2026-01-30 14:58:50] [WARN] PikSendRetry: Attempt 2/11 failed for unknown: PikSend.lrplugin/tests/test_retry_properties.lua:312: Not yet
[2026-01-30 14:58:50] [INFO] PikSendRetry: Retrying unknown (attempt 2/10)
[2026-01-30 14:58:50] [WARN] PikSendRetry: Attempt 3/11 failed for unknown: PikSend.lrplugin/tests/test_retry_properties.lua:312: Not yet
[2026-01-30 14:58:50] [INFO] PikSendRetry: Retrying unknown (attempt 3/10)
[2026-01-30 14:58:50] [WARN] PikSendRetry: Attempt 4/11 failed for unknown: PikSend.lrplugin/tests/test_retry_properties.lua:312: Not yet
[2026-01-30 14:58:50] [INFO] PikSendRetry: Retrying unknown (attempt 4/10)
[2026-01-30 14:58:50] [INFO] PikSendRetry: Retry successful for unknown after 4 attempt(s)
[2026-01-30 14:58:50] [WARN] PikSendRetry: Attempt 1/11 failed for unknown: PikSend.lrplugin/tests/test_retry_properties.lua:312: Not yet
[2026-01-30 14:58:50] [INFO] PikSendRetry: Retrying unknown (attempt 1/10)
[2026-01-30 14:58:50] [WARN] PikSendRetry: Attempt 2/11 failed for unknown: PikSend.lrplugin/tests/test_retry_properties.lua:312: Not yet
[2026-01-30 14:58:50] [INFO] PikSendRetry: Retrying unknown (attempt 2/10)
[2026-01-30 14:58:50] [INFO] PikSendRetry: Retry successful for unknown after 2 attempt(s)
[2026-01-30 14:58:50] [WARN] PikSendRetry: Attempt 1/11 failed for unknown: PikSend.lrplugin/tests/test_retry_properties.lua:312: Not yet
[2026-01-30 14:58:50] [INFO] PikSendRetry: Retrying unknown (attempt 1/10)
[2026-01-30 14:58:50] [WARN] PikSendRetry: Attempt 2/11 failed for unknown: PikSend.lrplugin/tests/test_retry_properties.lua:312: Not yet
[2026-01-30 14:58:50] [INFO] PikSendRetry: Retrying unknown (attempt 2/10)
[2026-01-30 14:58:50] [WARN] PikSendRetry: Attempt 3/11 failed for unknown: PikSend.lrplugin/tests/test_retry_properties.lua:312: Not yet
[2026-01-30 14:58:50] [INFO] PikSendRetry: Retrying unknown (attempt 3/10)
[2026-01-30 14:58:50] [WARN] PikSendRetry: Attempt 4/11 failed for unknown: PikSend.lrplugin/tests/test_retry_properties.lua:312: Not yet
[2026-01-30 14:58:50] [INFO] PikSendRetry: Retrying unknown (attempt 4/10)
[2026-01-30 14:58:50] [INFO] PikSendRetry: Retry successful for unknown after 4 attempt(s)
[2026-01-30 14:58:50] [WARN] PikSendRetry: Attempt 1/11 failed for unknown: PikSend.lrplugin/tests/test_retry_properties.lua:312: Not yet
[2026-01-30 14:58:50] [INFO] PikSendRetry: Retrying unknown (attempt 1/10)
[2026-01-30 14:58:50] [WARN] PikSendRetry: Attempt 2/11 failed for unknown: PikSend.lrplugin/tests/test_retry_properties.lua:312: Not yet
[2026-01-30 14:58:50] [INFO] PikSendRetry: Retrying unknown (attempt 2/10)
[2026-01-30 14:58:50] [INFO] PikSendRetry: Retry successful for unknown after 2 attempt(s)
[2026-01-30 14:58:50] [WARN] PikSendRetry: Attempt 1/11 failed for unknown: PikSend.lrplugin/tests/test_retry_properties.lua:312: Not yet
[2026-01-30 14:58:50] [INFO] PikSendRetry: Retrying unknown (attempt 1/10)
[2026-01-30 14:58:50] [WARN] PikSendRetry: Attempt 2/11 failed for unknown: PikSend.lrplugin/tests/test_retry_properties.lua:312: Not yet
[2026-01-30 14:58:50] [INFO] PikSendRetry: Retrying unknown (attempt 2/10)
[2026-01-30 14:58:50] [INFO] PikSendRetry: Retry successful for unknown after 2 attempt(s)
[2026-01-30 14:58:50] [WARN] PikSendRetry: Attempt 1/11 failed for unknown: PikSend.lrplugin/tests/test_retry_properties.lua:312: Not yet
[2026-01-30 14:58:50] [INFO] PikSendRetry: Retrying unknown (attempt 1/10)
[2026-01-30 14:58:50] [WARN] PikSendRetry: Attempt 2/11 failed for unknown: PikSend.lrplugin/tests/test_retry_properties.lua:312: Not yet
[2026-01-30 14:58:50] [INFO] PikSendRetry: Retrying unknown (attempt 2/10)
[2026-01-30 14:58:50] [INFO] PikSendRetry: Retry successful for unknown after 2 attempt(s)
[2026-01-30 14:58:50] [WARN] PikSendRetry: Attempt 1/11 failed for unknown: PikSend.lrplugin/tests/test_retry_properties.lua:312: Not yet
[2026-01-30 14:58:50] [INFO] PikSendRetry: Retrying unknown (attempt 1/10)
[2026-01-30 14:58:50] [INFO] PikSendRetry: Retry successful for unknown after 1 attempt(s)
[2026-01-30 14:58:50] [WARN] PikSendRetry: Attempt 1/11 failed for unknown: PikSend.lrplugin/tests/test_retry_properties.lua:312: Not yet
[2026-01-30 14:58:50] [INFO] PikSendRetry: Retrying unknown (attempt 1/10)
[2026-01-30 14:58:50] [WARN] PikSendRetry: Attempt 2/11 failed for unknown: PikSend.lrplugin/tests/test_retry_properties.lua:312: Not yet
[2026-01-30 14:58:50] [INFO] PikSendRetry: Retrying unknown (attempt 2/10)
[2026-01-30 14:58:50] [INFO] PikSendRetry: Retry successful for unknown after 2 attempt(s)
[2026-01-30 14:58:50] [WARN] PikSendRetry: Attempt 1/11 failed for unknown: PikSend.lrplugin/tests/test_retry_properties.lua:312: Not yet
[2026-01-30 14:58:50] [INFO] PikSendRetry: Retrying unknown (attempt 1/10)
[2026-01-30 14:58:50] [WARN] PikSendRetry: Attempt 2/11 failed for unknown: PikSend.lrplugin/tests/test_retry_properties.lua:312: Not yet
[2026-01-30 14:58:50] [INFO] PikSendRetry: Retrying unknown (attempt 2/10)
[2026-01-30 14:58:50] [INFO] PikSendRetry: Retry successful for unknown after 2 attempt(s)
[2026-01-30 14:58:50] [WARN] PikSendRetry: Attempt 1/11 failed for unknown: PikSend.lrplugin/tests/test_retry_properties.lua:312: Not yet
[2026-01-30 14:58:50] [INFO] PikSendRetry: Retrying unknown (attempt 1/10)
[2026-01-30 14:58:50] [INFO] PikSendRetry: Retry successful for unknown after 1 attempt(s)
[2026-01-30 14:58:50] [WARN] PikSendRetry: Attempt 1/11 failed for unknown: PikSend.lrplugin/tests/test_retry_properties.lua:312: Not yet
[2026-01-30 14:58:50] [INFO] PikSendRetry: Retrying unknown (attempt 1/10)
[2026-01-30 14:58:50] [WARN] PikSendRetry: Attempt 2/11 failed for unknown: PikSend.lrplugin/tests/test_retry_properties.lua:312: Not yet
[2026-01-30 14:58:50] [INFO] PikSendRetry: Retrying unknown (attempt 2/10)
[2026-01-30 14:58:50] [INFO] PikSendRetry: Retry successful for unknown after 2 attempt(s)
[2026-01-30 14:58:50] [WARN] PikSendRetry: Attempt 1/11 failed for unknown: PikSend.lrplugin/tests/test_retry_properties.lua:312: Not yet
[2026-01-30 14:58:50] [INFO] PikSendRetry: Retrying unknown (attempt 1/10)
[2026-01-30 14:58:50] [INFO] PikSendRetry: Retry successful for unknown after 1 attempt(s)
[2026-01-30 14:58:50] [WARN] PikSendRetry: Attempt 1/11 failed for unknown: PikSend.lrplugin/tests/test_retry_properties.lua:312: Not yet
[2026-01-30 14:58:50] [INFO] PikSendRetry: Retrying unknown (attempt 1/10)
[2026-01-30 14:58:50] [WARN] PikSendRetry: Attempt 2/11 failed for unknown: PikSend.lrplugin/tests/test_retry_properties.lua:312: Not yet
[2026-01-30 14:58:50] [INFO] PikSendRetry: Retrying unknown (attempt 2/10)
[2026-01-30 14:58:50] [WARN] PikSendRetry: Attempt 3/11 failed for unknown: PikSend.lrplugin/tests/test_retry_properties.lua:312: Not yet
[2026-01-30 14:58:50] [INFO] PikSendRetry: Retrying unknown (attempt 3/10)
[2026-01-30 14:58:50] [WARN] PikSendRetry: Attempt 4/11 failed for unknown: PikSend.lrplugin/tests/test_retry_properties.lua:312: Not yet
[2026-01-30 14:58:50] [INFO] PikSendRetry: Retrying unknown (attempt 4/10)
[2026-01-30 14:58:50] [INFO] PikSendRetry: Retry successful for unknown after 4 attempt(s)
[2026-01-30 14:58:50] [WARN] PikSendRetry: Attempt 1/11 failed for unknown: PikSend.lrplugin/tests/test_retry_properties.lua:312: Not yet
[2026-01-30 14:58:50] [INFO] PikSendRetry: Retrying unknown (attempt 1/10)
[2026-01-30 14:58:50] [WARN] PikSendRetry: Attempt 2/11 failed for unknown: PikSend.lrplugin/tests/test_retry_properties.lua:312: Not yet
[2026-01-30 14:58:50] [INFO] PikSendRetry: Retrying unknown (attempt 2/10)
[2026-01-30 14:58:50] [WARN] PikSendRetry: Attempt 3/11 failed for unknown: PikSend.lrplugin/tests/test_retry_properties.lua:312: Not yet
[2026-01-30 14:58:50] [INFO] PikSendRetry: Retrying unknown (attempt 3/10)
[2026-01-30 14:58:50] [INFO] PikSendRetry: Retry successful for unknown after 3 attempt(s)
[2026-01-30 14:58:50] [WARN] PikSendRetry: Attempt 1/11 failed for unknown: PikSend.lrplugin/tests/test_retry_properties.lua:312: Not yet
[2026-01-30 14:58:50] [INFO] PikSendRetry: Retrying unknown (attempt 1/10)
[2026-01-30 14:58:50] [INFO] PikSendRetry: Retry successful for unknown after 1 attempt(s)
[2026-01-30 14:58:50] [WARN] PikSendRetry: Attempt 1/11 failed for unknown: PikSend.lrplugin/tests/test_retry_properties.lua:312: Not yet
[2026-01-30 14:58:50] [INFO] PikSendRetry: Retrying unknown (attempt 1/10)
[2026-01-30 14:58:50] [WARN] PikSendRetry: Attempt 2/11 failed for unknown: PikSend.lrplugin/tests/test_retry_properties.lua:312: Not yet
[2026-01-30 14:58:50] [INFO] PikSendRetry: Retrying unknown (attempt 2/10)
[2026-01-30 14:58:50] [WARN] PikSendRetry: Attempt 3/11 failed for unknown: PikSend.lrplugin/tests/test_retry_properties.lua:312: Not yet
[2026-01-30 14:58:50] [INFO] PikSendRetry: Retrying unknown (attempt 3/10)
[2026-01-30 14:58:50] [INFO] PikSendRetry: Retry successful for unknown after 3 attempt(s)
[2026-01-30 14:58:50] [WARN] PikSendRetry: Attempt 1/11 failed for unknown: PikSend.lrplugin/tests/test_retry_properties.lua:312: Not yet
[2026-01-30 14:58:50] [INFO] PikSendRetry: Retrying unknown (attempt 1/10)
[2026-01-30 14:58:50] [WARN] PikSendRetry: Attempt 2/11 failed for unknown: PikSend.lrplugin/tests/test_retry_properties.lua:312: Not yet
[2026-01-30 14:58:50] [INFO] PikSendRetry: Retrying unknown (attempt 2/10)
[2026-01-30 14:58:50] [INFO] PikSendRetry: Retry successful for unknown after 2 attempt(s)
[2026-01-30 14:58:50] [WARN] PikSendRetry: Attempt 1/11 failed for unknown: PikSend.lrplugin/tests/test_retry_properties.lua:312: Not yet
[2026-01-30 14:58:50] [INFO] PikSendRetry: Retrying unknown (attempt 1/10)
[2026-01-30 14:58:50] [WARN] PikSendRetry: Attempt 2/11 failed for unknown: PikSend.lrplugin/tests/test_retry_properties.lua:312: Not yet
[2026-01-30 14:58:50] [INFO] PikSendRetry: Retrying unknown (attempt 2/10)
[2026-01-30 14:58:50] [WARN] PikSendRetry: Attempt 3/11 failed for unknown: PikSend.lrplugin/tests/test_retry_properties.lua:312: Not yet
[2026-01-30 14:58:50] [INFO] PikSendRetry: Retrying unknown (attempt 3/10)
[2026-01-30 14:58:50] [WARN] PikSendRetry: Attempt 4/11 failed for unknown: PikSend.lrplugin/tests/test_retry_properties.lua:312: Not yet
[2026-01-30 14:58:50] [INFO] PikSendRetry: Retrying unknown (attempt 4/10)
[2026-01-30 14:58:50] [INFO] PikSendRetry: Retry successful for unknown after 4 attempt(s)
[2026-01-30 14:58:50] [WARN] PikSendRetry: Attempt 1/11 failed for unknown: PikSend.lrplugin/tests/test_retry_properties.lua:312: Not yet
[2026-01-30 14:58:50] [INFO] PikSendRetry: Retrying unknown (attempt 1/10)
[2026-01-30 14:58:50] [WARN] PikSendRetry: Attempt 2/11 failed for unknown: PikSend.lrplugin/tests/test_retry_properties.lua:312: Not yet
[2026-01-30 14:58:50] [INFO] PikSendRetry: Retrying unknown (attempt 2/10)
[2026-01-30 14:58:50] [WARN] PikSendRetry: Attempt 3/11 failed for unknown: PikSend.lrplugin/tests/test_retry_properties.lua:312: Not yet
[2026-01-30 14:58:50] [INFO] PikSendRetry: Retrying unknown (attempt 3/10)
[2026-01-30 14:58:50] [WARN] PikSendRetry: Attempt 4/11 failed for unknown: PikSend.lrplugin/tests/test_retry_properties.lua:312: Not yet
[2026-01-30 14:58:50] [INFO] PikSendRetry: Retrying unknown (attempt 4/10)
[2026-01-30 14:58:50] [INFO] PikSendRetry: Retry successful for unknown after 4 attempt(s)
[2026-01-30 14:58:50] [WARN] PikSendRetry: Attempt 1/11 failed for unknown: PikSend.lrplugin/tests/test_retry_properties.lua:312: Not yet
[2026-01-30 14:58:50] [INFO] PikSendRetry: Retrying unknown (attempt 1/10)
[2026-01-30 14:58:50] [INFO] PikSendRetry: Retry successful for unknown after 1 attempt(s)
[2026-01-30 14:58:50] [WARN] PikSendRetry: Attempt 1/11 failed for unknown: PikSend.lrplugin/tests/test_retry_properties.lua:312: Not yet
[2026-01-30 14:58:50] [INFO] PikSendRetry: Retrying unknown (attempt 1/10)
[2026-01-30 14:58:50] [WARN] PikSendRetry: Attempt 2/11 failed for unknown: PikSend.lrplugin/tests/test_retry_properties.lua:312: Not yet
[2026-01-30 14:58:50] [INFO] PikSendRetry: Retrying unknown (attempt 2/10)
[2026-01-30 14:58:50] [WARN] PikSendRetry: Attempt 3/11 failed for unknown: PikSend.lrplugin/tests/test_retry_properties.lua:312: Not yet
[2026-01-30 14:58:50] [INFO] PikSendRetry: Retrying unknown (attempt 3/10)
[2026-01-30 14:58:50] [INFO] PikSendRetry: Retry successful for unknown after 3 attempt(s)
[2026-01-30 14:58:50] [WARN] PikSendRetry: Attempt 1/11 failed for unknown: PikSend.lrplugin/tests/test_retry_properties.lua:312: Not yet
[2026-01-30 14:58:50] [INFO] PikSendRetry: Retrying unknown (attempt 1/10)
[2026-01-30 14:58:50] [WARN] PikSendRetry: Attempt 2/11 failed for unknown: PikSend.lrplugin/tests/test_retry_properties.lua:312: Not yet
[2026-01-30 14:58:50] [INFO] PikSendRetry: Retrying unknown (attempt 2/10)
[2026-01-30 14:58:50] [WARN] PikSendRetry: Attempt 3/11 failed for unknown: PikSend.lrplugin/tests/test_retry_properties.lua:312: Not yet
[2026-01-30 14:58:50] [INFO] PikSendRetry: Retrying unknown (attempt 3/10)
[2026-01-30 14:58:50] [INFO] PikSendRetry: Retry successful for unknown after 3 attempt(s)
[2026-01-30 14:58:50] [WARN] PikSendRetry: Attempt 1/11 failed for unknown: PikSend.lrplugin/tests/test_retry_properties.lua:312: Not yet
[2026-01-30 14:58:50] [INFO] PikSendRetry: Retrying unknown (attempt 1/10)
[2026-01-30 14:58:50] [WARN] PikSendRetry: Attempt 2/11 failed for unknown: PikSend.lrplugin/tests/test_retry_properties.lua:312: Not yet
[2026-01-30 14:58:50] [INFO] PikSendRetry: Retrying unknown (attempt 2/10)
[2026-01-30 14:58:50] [INFO] PikSendRetry: Retry successful for unknown after 2 attempt(s)
[2026-01-30 14:58:50] [WARN] PikSendRetry: Attempt 1/11 failed for unknown: PikSend.lrplugin/tests/test_retry_properties.lua:312: Not yet
[2026-01-30 14:58:50] [INFO] PikSendRetry: Retrying unknown (attempt 1/10)
[2026-01-30 14:58:50] [WARN] PikSendRetry: Attempt 2/11 failed for unknown: PikSend.lrplugin/tests/test_retry_properties.lua:312: Not yet
[2026-01-30 14:58:50] [INFO] PikSendRetry: Retrying unknown (attempt 2/10)
[2026-01-30 14:58:50] [WARN] PikSendRetry: Attempt 3/11 failed for unknown: PikSend.lrplugin/tests/test_retry_properties.lua:312: Not yet
[2026-01-30 14:58:50] [INFO] PikSendRetry: Retrying unknown (attempt 3/10)
[2026-01-30 14:58:50] [WARN] PikSendRetry: Attempt 4/11 failed for unknown: PikSend.lrplugin/tests/test_retry_properties.lua:312: Not yet
[2026-01-30 14:58:50] [INFO] PikSendRetry: Retrying unknown (attempt 4/10)
[2026-01-30 14:58:50] [INFO] PikSendRetry: Retry successful for unknown after 4 attempt(s)
[2026-01-30 14:58:50] [WARN] PikSendRetry: Attempt 1/11 failed for unknown: PikSend.lrplugin/tests/test_retry_properties.lua:312: Not yet
[2026-01-30 14:58:50] [INFO] PikSendRetry: Retrying unknown (attempt 1/10)
[2026-01-30 14:58:50] [WARN] PikSendRetry: Attempt 2/11 failed for unknown: PikSend.lrplugin/tests/test_retry_properties.lua:312: Not yet
[2026-01-30 14:58:50] [INFO] PikSendRetry: Retrying unknown (attempt 2/10)
[2026-01-30 14:58:50] [WARN] PikSendRetry: Attempt 3/11 failed for unknown: PikSend.lrplugin/tests/test_retry_properties.lua:312: Not yet
[2026-01-30 14:58:50] [INFO] PikSendRetry: Retrying unknown (attempt 3/10)
[2026-01-30 14:58:50] [WARN] PikSendRetry: Attempt 4/11 failed for unknown: PikSend.lrplugin/tests/test_retry_properties.lua:312: Not yet
[2026-01-30 14:58:50] [INFO] PikSendRetry: Retrying unknown (attempt 4/10)
[2026-01-30 14:58:50] [INFO] PikSendRetry: Retry successful for unknown after 4 attempt(s)
[2026-01-30 14:58:50] [WARN] PikSendRetry: Attempt 1/11 failed for unknown: PikSend.lrplugin/tests/test_retry_properties.lua:312: Not yet
[2026-01-30 14:58:50] [INFO] PikSendRetry: Retrying unknown (attempt 1/10)
[2026-01-30 14:58:50] [WARN] PikSendRetry: Attempt 2/11 failed for unknown: PikSend.lrplugin/tests/test_retry_properties.lua:312: Not yet
[2026-01-30 14:58:50] [INFO] PikSendRetry: Retrying unknown (attempt 2/10)
[2026-01-30 14:58:50] [WARN] PikSendRetry: Attempt 3/11 failed for unknown: PikSend.lrplugin/tests/test_retry_properties.lua:312: Not yet
[2026-01-30 14:58:50] [INFO] PikSendRetry: Retrying unknown (attempt 3/10)
[2026-01-30 14:58:50] [WARN] PikSendRetry: Attempt 4/11 failed for unknown: PikSend.lrplugin/tests/test_retry_properties.lua:312: Not yet
[2026-01-30 14:58:50] [INFO] PikSendRetry: Retrying unknown (attempt 4/10)
[2026-01-30 14:58:50] [INFO] PikSendRetry: Retry successful for unknown after 4 attempt(s)
[2026-01-30 14:58:50] [WARN] PikSendRetry: Attempt 1/11 failed for unknown: PikSend.lrplugin/tests/test_retry_properties.lua:312: Not yet
[2026-01-30 14:58:50] [INFO] PikSendRetry: Retrying unknown (attempt 1/10)
[2026-01-30 14:58:50] [WARN] PikSendRetry: Attempt 2/11 failed for unknown: PikSend.lrplugin/tests/test_retry_properties.lua:312: Not yet
[2026-01-30 14:58:50] [INFO] PikSendRetry: Retrying unknown (attempt 2/10)
[2026-01-30 14:58:50] [INFO] PikSendRetry: Retry successful for unknown after 2 attempt(s)
[2026-01-30 14:58:50] [WARN] PikSendRetry: Attempt 1/11 failed for unknown: PikSend.lrplugin/tests/test_retry_properties.lua:312: Not yet
[2026-01-30 14:58:50] [INFO] PikSendRetry: Retrying unknown (attempt 1/10)
[2026-01-30 14:58:50] [WARN] PikSendRetry: Attempt 2/11 failed for unknown: PikSend.lrplugin/tests/test_retry_properties.lua:312: Not yet
[2026-01-30 14:58:50] [INFO] PikSendRetry: Retrying unknown (attempt 2/10)
[2026-01-30 14:58:50] [INFO] PikSendRetry: Retry successful for unknown after 2 attempt(s)
[2026-01-30 14:58:50] [WARN] PikSendRetry: Attempt 1/11 failed for unknown: PikSend.lrplugin/tests/test_retry_properties.lua:312: Not yet
[2026-01-30 14:58:50] [INFO] PikSendRetry: Retrying unknown (attempt 1/10)
[2026-01-30 14:58:50] [INFO] PikSendRetry: Retry successful for unknown after 1 attempt(s)
[2026-01-30 14:58:50] [WARN] PikSendRetry: Attempt 1/11 failed for unknown: PikSend.lrplugin/tests/test_retry_properties.lua:312: Not yet
[2026-01-30 14:58:50] [INFO] PikSendRetry: Retrying unknown (attempt 1/10)
[2026-01-30 14:58:50] [WARN] PikSendRetry: Attempt 2/11 failed for unknown: PikSend.lrplugin/tests/test_retry_properties.lua:312: Not yet
[2026-01-30 14:58:50] [INFO] PikSendRetry: Retrying unknown (attempt 2/10)
[2026-01-30 14:58:50] [INFO] PikSendRetry: Retry successful for unknown after 2 attempt(s)
[2026-01-30 14:58:50] [WARN] PikSendRetry: Attempt 1/11 failed for unknown: PikSend.lrplugin/tests/test_retry_properties.lua:312: Not yet
[2026-01-30 14:58:50] [INFO] PikSendRetry: Retrying unknown (attempt 1/10)
[2026-01-30 14:58:50] [WARN] PikSendRetry: Attempt 2/11 failed for unknown: PikSend.lrplugin/tests/test_retry_properties.lua:312: Not yet
[2026-01-30 14:58:50] [INFO] PikSendRetry: Retrying unknown (attempt 2/10)
[2026-01-30 14:58:50] [INFO] PikSendRetry: Retry successful for unknown after 2 attempt(s)
[2026-01-30 14:58:50] [WARN] PikSendRetry: Attempt 1/11 failed for unknown: PikSend.lrplugin/tests/test_retry_properties.lua:312: Not yet
[2026-01-30 14:58:50] [INFO] PikSendRetry: Retrying unknown (attempt 1/10)
[2026-01-30 14:58:50] [INFO] PikSendRetry: Retry successful for unknown after 1 attempt(s)
[2026-01-30 14:58:50] [WARN] PikSendRetry: Attempt 1/11 failed for unknown: PikSend.lrplugin/tests/test_retry_properties.lua:312: Not yet
[2026-01-30 14:58:50] [INFO] PikSendRetry: Retrying unknown (attempt 1/10)
[2026-01-30 14:58:50] [WARN] PikSendRetry: Attempt 2/11 failed for unknown: PikSend.lrplugin/tests/test_retry_properties.lua:312: Not yet
[2026-01-30 14:58:50] [INFO] PikSendRetry: Retrying unknown (attempt 2/10)
[2026-01-30 14:58:50] [WARN] PikSendRetry: Attempt 3/11 failed for unknown: PikSend.lrplugin/tests/test_retry_properties.lua:312: Not yet
[2026-01-30 14:58:50] [INFO] PikSendRetry: Retrying unknown (attempt 3/10)
[2026-01-30 14:58:50] [WARN] PikSendRetry: Attempt 4/11 failed for unknown: PikSend.lrplugin/tests/test_retry_properties.lua:312: Not yet
[2026-01-30 14:58:50] [INFO] PikSendRetry: Retrying unknown (attempt 4/10)
[2026-01-30 14:58:50] [INFO] PikSendRetry: Retry successful for unknown after 4 attempt(s)
[2026-01-30 14:58:50] [WARN] PikSendRetry: Attempt 1/11 failed for unknown: PikSend.lrplugin/tests/test_retry_properties.lua:312: Not yet
[2026-01-30 14:58:50] [INFO] PikSendRetry: Retrying unknown (attempt 1/10)
[2026-01-30 14:58:50] [WARN] PikSendRetry: Attempt 2/11 failed for unknown: PikSend.lrplugin/tests/test_retry_properties.lua:312: Not yet
[2026-01-30 14:58:50] [INFO] PikSendRetry: Retrying unknown (attempt 2/10)
[2026-01-30 14:58:50] [WARN] PikSendRetry: Attempt 3/11 failed for unknown: PikSend.lrplugin/tests/test_retry_properties.lua:312: Not yet
[2026-01-30 14:58:50] [INFO] PikSendRetry: Retrying unknown (attempt 3/10)
[2026-01-30 14:58:50] [WARN] PikSendRetry: Attempt 4/11 failed for unknown: PikSend.lrplugin/tests/test_retry_properties.lua:312: Not yet
[2026-01-30 14:58:50] [INFO] PikSendRetry: Retrying unknown (attempt 4/10)
[2026-01-30 14:58:50] [INFO] PikSendRetry: Retry successful for unknown after 4 attempt(s)
[2026-01-30 14:58:50] [WARN] PikSendRetry: Attempt 1/11 failed for unknown: PikSend.lrplugin/tests/test_retry_properties.lua:312: Not yet
[2026-01-30 14:58:50] [INFO] PikSendRetry: Retrying unknown (attempt 1/10)
[2026-01-30 14:58:50] [INFO] PikSendRetry: Retry successful for unknown after 1 attempt(s)
[2026-01-30 15:00:54] [INFO] PikSend: PikSend plugin initialized
[2026-01-30 15:00:54] [WARN] PikSendRetry: Attempt 1/1 failed for unknown: PikSend.lrplugin/tests/test_retry_properties.lua:124: Always fail
[2026-01-30 15:00:54] [ERROR] PikSendRetry: All retry attempts failed for unknown after 1 attempt(s): PikSend.lrplugin/tests/test_retry_properties.lua:124: Always fail
[2026-01-30 15:00:54] [WARN] PikSendRetry: Attempt 1/3 failed for unknown: PikSend.lrplugin/tests/test_retry_properties.lua:124: Always fail
[2026-01-30 15:00:54] [INFO] PikSendRetry: Retrying unknown (attempt 1/2)
[2026-01-30 15:00:54] [WARN] PikSendRetry: Attempt 2/3 failed for unknown: PikSend.lrplugin/tests/test_retry_properties.lua:124: Always fail
[2026-01-30 15:00:54] [INFO] PikSendRetry: Retrying unknown (attempt 2/2)
[2026-01-30 15:00:54] [WARN] PikSendRetry: Attempt 3/3 failed for unknown: PikSend.lrplugin/tests/test_retry_properties.lua:124: Always fail
[2026-01-30 15:00:54] [ERROR] PikSendRetry: All retry attempts failed for unknown after 3 attempt(s): PikSend.lrplugin/tests/test_retry_properties.lua:124: Always fail
[2026-01-30 15:00:54] [WARN] PikSendRetry: Attempt 1/1 failed for unknown: PikSend.lrplugin/tests/test_retry_properties.lua:124: Always fail
[2026-01-30 15:00:54] [ERROR] PikSendRetry: All retry attempts failed for unknown after 1 attempt(s): PikSend.lrplugin/tests/test_retry_properties.lua:124: Always fail
[2026-01-30 15:00:54] [WARN] PikSendRetry: Attempt 1/1 failed for unknown: PikSend.lrplugin/tests/test_retry_properties.lua:124: Always fail
[2026-01-30 15:00:54] [ERROR] PikSendRetry: All retry attempts failed for unknown after 1 attempt(s): PikSend.lrplugin/tests/test_retry_properties.lua:124: Always fail
[2026-01-30 15:00:54] [WARN] PikSendRetry: Attempt 1/1 failed for unknown: PikSend.lrplugin/tests/test_retry_properties.lua:124: Always fail
[2026-01-30 15:00:54] [ERROR] PikSendRetry: All retry attempts failed for unknown after 1 attempt(s): PikSend.lrplugin/tests/test_retry_properties.lua:124: Always fail
[2026-01-30 15:00:54] [WARN] PikSendRetry: Attempt 1/1 failed for unknown: PikSend.lrplugin/tests/test_retry_properties.lua:124: Always fail
[2026-01-30 15:00:54] [ERROR] PikSendRetry: All retry attempts failed for unknown after 1 attempt(s): PikSend.lrplugin/tests/test_retry_properties.lua:124: Always fail
[2026-01-30 15:00:54] [WARN] PikSendRetry: Attempt 1/4 failed for unknown: PikSend.lrplugin/tests/test_retry_properties.lua:124: Always fail
[2026-01-30 15:00:54] [INFO] PikSendRetry: Retrying unknown (attempt 1/3)
[2026-01-30 15:00:54] [WARN] PikSendRetry: Attempt 2/4 failed for unknown: PikSend.lrplugin/tests/test_retry_properties.lua:124: Always fail
[2026-01-30 15:00:54] [INFO] PikSendRetry: Retrying unknown (attempt 2/3)
[2026-01-30 15:00:54] [WARN] PikSendRetry: Attempt 3/4 failed for unknown: PikSend.lrplugin/tests/test_retry_properties.lua:124: Always fail
[2026-01-30 15:00:54] [INFO] PikSendRetry: Retrying unknown (attempt 3/3)
[2026-01-30 15:00:54] [WARN] PikSendRetry: Attempt 4/4 failed for unknown: PikSend.lrplugin/tests/test_retry_properties.lua:124: Always fail
[2026-01-30 15:00:54] [ERROR] PikSendRetry: All retry attempts failed for unknown after 4 attempt(s): PikSend.lrplugin/tests/test_retry_properties.lua:124: Always fail
[2026-01-30 15:00:54] [WARN] PikSendRetry: Attempt 1/3 failed for unknown: PikSend.lrplugin/tests/test_retry_properties.lua:124: Always fail
[2026-01-30 15:00:54] [INFO] PikSendRetry: Retrying unknown (attempt 1/2)
[2026-01-30 15:00:54] [WARN] PikSendRetry: Attempt 2/3 failed for unknown: PikSend.lrplugin/tests/test_retry_properties.lua:124: Always fail
[2026-01-30 15:00:54] [INFO] PikSendRetry: Retrying unknown (attempt 2/2)
[2026-01-30 15:00:54] [WARN] PikSendRetry: Attempt 3/3 failed for unknown: PikSend.lrplugin/tests/test_retry_properties.lua:124: Always fail
[2026-01-30 15:00:54] [ERROR] PikSendRetry: All retry attempts failed for unknown after 3 attempt(s): PikSend.lrplugin/tests/test_retry_properties.lua:124: Always fail
[2026-01-30 15:00:54] [WARN] PikSendRetry: Attempt 1/3 failed for unknown: PikSend.lrplugin/tests/test_retry_properties.lua:124: Always fail
[2026-01-30 15:00:54] [INFO] PikSendRetry: Retrying unknown (attempt 1/2)
[2026-01-30 15:00:54] [WARN] PikSendRetry: Attempt 2/3 failed for unknown: PikSend.lrplugin/tests/test_retry_properties.lua:124: Always fail
[2026-01-30 15:00:54] [INFO] PikSendRetry: Retrying unknown (attempt 2/2)
[2026-01-30 15:00:54] [WARN] PikSendRetry: Attempt 3/3 failed for unknown: PikSend.lrplugin/tests/test_retry_properties.lua:124: Always fail
[2026-01-30 15:00:54] [ERROR] PikSendRetry: All retry attempts failed for unknown after 3 attempt(s): PikSend.lrplugin/tests/test_retry_properties.lua:124: Always fail
[2026-01-30 15:00:54] [WARN] PikSendRetry: Attempt 1/3 failed for unknown: PikSend.lrplugin/tests/test_retry_properties.lua:124: Always fail
[2026-01-30 15:00:54] [INFO] PikSendRetry: Retrying unknown (attempt 1/2)
[2026-01-30 15:00:54] [WARN] PikSendRetry: Attempt 2/3 failed for unknown: PikSend.lrplugin/tests/test_retry_properties.lua:124: Always fail
[2026-01-30 15:00:54] [INFO] PikSendRetry: Retrying unknown (attempt 2/2)
[2026-01-30 15:00:54] [WARN] PikSendRetry: Attempt 3/3 failed for unknown: PikSend.lrplugin/tests/test_retry_properties.lua:124: Always fail
[2026-01-30 15:00:54] [ERROR] PikSendRetry: All retry attempts failed for unknown after 3 attempt(s): PikSend.lrplugin/tests/test_retry_properties.lua:124: Always fail
[2026-01-30 15:00:54] [WARN] PikSendRetry: Attempt 1/2 failed for unknown: PikSend.lrplugin/tests/test_retry_properties.lua:124: Always fail
[2026-01-30 15:00:54] [INFO] PikSendRetry: Retrying unknown (attempt 1/1)
[2026-01-30 15:00:54] [WARN] PikSendRetry: Attempt 2/2 failed for unknown: PikSend.lrplugin/tests/test_retry_properties.lua:124: Always fail
[2026-01-30 15:00:54] [ERROR] PikSendRetry: All retry attempts failed for unknown after 2 attempt(s): PikSend.lrplugin/tests/test_retry_properties.lua:124: Always fail
[2026-01-30 15:00:54] [WARN] PikSendRetry: Attempt 1/1 failed for unknown: PikSend.lrplugin/tests/test_retry_properties.lua:124: Always fail
[2026-01-30 15:00:54] [ERROR] PikSendRetry: All retry attempts failed for unknown after 1 attempt(s): PikSend.lrplugin/tests/test_retry_properties.lua:124: Always fail
[2026-01-30 15:00:54] [WARN] PikSendRetry: Attempt 1/4 failed for unknown: PikSend.lrplugin/tests/test_retry_properties.lua:124: Always fail
[2026-01-30 15:00:54] [INFO] PikSendRetry: Retrying unknown (attempt 1/3)
[2026-01-30 15:00:54] [WARN] PikSendRetry: Attempt 2/4 failed for unknown: PikSend.lrplugin/tests/test_retry_properties.lua:124: Always fail
[2026-01-30 15:00:54] [INFO] PikSendRetry: Retrying unknown (attempt 2/3)
[2026-01-30 15:00:54] [WARN] PikSendRetry: Attempt 3/4 failed for unknown: PikSend.lrplugin/tests/test_retry_properties.lua:124: Always fail
[2026-01-30 15:00:54] [INFO] PikSendRetry: Retrying unknown (attempt 3/3)
[2026-01-30 15:00:54] [WARN] PikSendRetry: Attempt 4/4 failed for unknown: PikSend.lrplugin/tests/test_retry_properties.lua:124: Always fail
[2026-01-30 15:00:54] [ERROR] PikSendRetry: All retry attempts failed for unknown after 4 attempt(s): PikSend.lrplugin/tests/test_retry_properties.lua:124: Always fail
[2026-01-30 15:00:54] [WARN] PikSendRetry: Attempt 1/3 failed for unknown: PikSend.lrplugin/tests/test_retry_properties.lua:124: Always fail
[2026-01-30 15:00:54] [INFO] PikSendRetry: Retrying unknown (attempt 1/2)
[2026-01-30 15:00:54] [WARN] PikSendRetry: Attempt 2/3 failed for unknown: PikSend.lrplugin/tests/test_retry_properties.lua:124: Always fail
[2026-01-30 15:00:54] [INFO] PikSendRetry: Retrying unknown (attempt 2/2)
[2026-01-30 15:00:54] [WARN] PikSendRetry: Attempt 3/3 failed for unknown: PikSend.lrplugin/tests/test_retry_properties.lua:124: Always fail
[2026-01-30 15:00:54] [ERROR] PikSendRetry: All retry attempts failed for unknown after 3 attempt(s): PikSend.lrplugin/tests/test_retry_properties.lua:124: Always fail
[2026-01-30 15:00:54] [WARN] PikSendRetry: Attempt 1/4 failed for unknown: PikSend.lrplugin/tests/test_retry_properties.lua:124: Always fail
[2026-01-30 15:00:54] [INFO] PikSendRetry: Retrying unknown (attempt 1/3)
[2026-01-30 15:00:54] [WARN] PikSendRetry: Attempt 2/4 failed for unknown: PikSend.lrplugin/tests/test_retry_properties.lua:124: Always fail
[2026-01-30 15:00:54] [INFO] PikSendRetry: Retrying unknown (attempt 2/3)
[2026-01-30 15:00:54] [WARN] PikSendRetry: Attempt 3/4 failed for unknown: PikSend.lrplugin/tests/test_retry_properties.lua:124: Always fail
[2026-01-30 15:00:54] [INFO] PikSendRetry: Retrying unknown (attempt 3/3)
[2026-01-30 15:00:54] [WARN] PikSendRetry: Attempt 4/4 failed for unknown: PikSend.lrplugin/tests/test_retry_properties.lua:124: Always fail
[2026-01-30 15:00:54] [ERROR] PikSendRetry: All retry attempts failed for unknown after 4 attempt(s): PikSend.lrplugin/tests/test_retry_properties.lua:124: Always fail
[2026-01-30 15:00:54] [WARN] PikSendRetry: Attempt 1/5 failed for unknown: PikSend.lrplugin/tests/test_retry_properties.lua:124: Always fail
[2026-01-30 15:00:54] [INFO] PikSendRetry: Retrying unknown (attempt 1/4)
[2026-01-30 15:00:54] [WARN] PikSendRetry: Attempt 2/5 failed for unknown: PikSend.lrplugin/tests/test_retry_properties.lua:124: Always fail
[2026-01-30 15:00:54] [INFO] PikSendRetry: Retrying unknown (attempt 2/4)
[2026-01-30 15:00:54] [WARN] PikSendRetry: Attempt 3/5 failed for unknown: PikSend.lrplugin/tests/test_retry_properties.lua:124: Always fail
[2026-01-30 15:00:54] [INFO] PikSendRetry: Retrying unknown (attempt 3/4)
[2026-01-30 15:00:54] [WARN] PikSendRetry: Attempt 4/5 failed for unknown: PikSend.lrplugin/tests/test_retry_properties.lua:124: Always fail
[2026-01-30 15:00:54] [INFO] PikSendRetry: Retrying unknown (attempt 4/4)
[2026-01-30 15:00:54] [WARN] PikSendRetry: Attempt 5/5 failed for unknown: PikSend.lrplugin/tests/test_retry_properties.lua:124: Always fail
[2026-01-30 15:00:54] [ERROR] PikSendRetry: All retry attempts failed for unknown after 5 attempt(s): PikSend.lrplugin/tests/test_retry_properties.lua:124: Always fail
[2026-01-30 15:00:54] [WARN] PikSendRetry: Attempt 1/1 failed for unknown: PikSend.lrplugin/tests/test_retry_properties.lua:124: Always fail
[2026-01-30 15:00:54] [ERROR] PikSendRetry: All retry attempts failed for unknown after 1 attempt(s): PikSend.lrplugin/tests/test_retry_properties.lua:124: Always fail
[2026-01-30 15:00:54] [WARN] PikSendRetry: Attempt 1/6 failed for unknown: PikSend.lrplugin/tests/test_retry_properties.lua:124: Always fail
[2026-01-30 15:00:54] [INFO] PikSendRetry: Retrying unknown (attempt 1/5)
[2026-01-30 15:00:54] [WARN] PikSendRetry: Attempt 2/6 failed for unknown: PikSend.lrplugin/tests/test_retry_properties.lua:124: Always fail
[2026-01-30 15:00:54] [INFO] PikSendRetry: Retrying unknown (attempt 2/5)
[2026-01-30 15:00:54] [WARN] PikSendRetry: Attempt 3/6 failed for unknown: PikSend.lrplugin/tests/test_retry_properties.lua:124: Always fail
[2026-01-30 15:00:54] [INFO] PikSendRetry: Retrying unknown (attempt 3/5)
[2026-01-30 15:00:54] [WARN] PikSendRetry: Attempt 4/6 failed for unknown: PikSend.lrplugin/tests/test_retry_properties.lua:124: Always fail
[2026-01-30 15:00:54] [INFO] PikSendRetry: Retrying unknown (attempt 4/5)
[2026-01-30 15:00:54] [WARN] PikSendRetry: Attempt 5/6 failed for unknown: PikSend.lrplugin/tests/test_retry_properties.lua:124: Always fail
[2026-01-30 15:00:54] [INFO] PikSendRetry: Retrying unknown (attempt 5/5)
[2026-01-30 15:00:54] [WARN] PikSendRetry: Attempt 6/6 failed for unknown: PikSend.lrplugin/tests/test_retry_properties.lua:124: Always fail
[2026-01-30 15:00:54] [ERROR] PikSendRetry: All retry attempts failed for unknown after 6 attempt(s): PikSend.lrplugin/tests/test_retry_properties.lua:124: Always fail
[2026-01-30 15:00:54] [WARN] PikSendRetry: Attempt 1/2 failed for unknown: PikSend.lrplugin/tests/test_retry_properties.lua:124: Always fail
[2026-01-30 15:00:54] [INFO] PikSendRetry: Retrying unknown (attempt 1/1)
[2026-01-30 15:00:54] [WARN] PikSendRetry: Attempt 2/2 failed for unknown: PikSend.lrplugin/tests/test_retry_properties.lua:124: Always fail
[2026-01-30 15:00:54] [ERROR] PikSendRetry: All retry attempts failed for unknown after 2 attempt(s): PikSend.lrplugin/tests/test_retry_properties.lua:124: Always fail
[2026-01-30 15:00:54] [WARN] PikSendRetry: Attempt 1/1 failed for unknown: PikSend.lrplugin/tests/test_retry_properties.lua:124: Always fail
[2026-01-30 15:00:54] [ERROR] PikSendRetry: All retry attempts failed for unknown after 1 attempt(s): PikSend.lrplugin/tests/test_retry_properties.lua:124: Always fail
[2026-01-30 15:00:54] [WARN] PikSendRetry: Attempt 1/1 failed for unknown: PikSend.lrplugin/tests/test_retry_properties.lua:124: Always fail
[2026-01-30 15:00:54] [ERROR] PikSendRetry: All retry attempts failed for unknown after 1 attempt(s): PikSend.lrplugin/tests/test_retry_properties.lua:124: Always fail
[2026-01-30 15:00:54] [WARN] PikSendRetry: Attempt 1/5 failed for unknown: PikSend.lrplugin/tests/test_retry_properties.lua:124: Always fail
[2026-01-30 15:00:54] [INFO] PikSendRetry: Retrying unknown (attempt 1/4)
[2026-01-30 15:00:54] [WARN] PikSendRetry: Attempt 2/5 failed for unknown: PikSend.lrplugin/tests/test_retry_properties.lua:124: Always fail
[2026-01-30 15:00:54] [INFO] PikSendRetry: Retrying unknown (attempt 2/4)
[2026-01-30 15:00:54] [WARN] PikSendRetry: Attempt 3/5 failed for unknown: PikSend.lrplugin/tests/test_retry_properties.lua:124: Always fail
[2026-01-30 15:00:54] [INFO] PikSendRetry: Retrying unknown (attempt 3/4)
[2026-01-30 15:00:54] [WARN] PikSendRetry: Attempt 4/5 failed for unknown: PikSend.lrplugin/tests/test_retry_properties.lua:124: Always fail
[2026-01-30 15:00:54] [INFO] PikSendRetry: Retrying unknown (attempt 4/4)
[2026-01-30 15:00:54] [WARN] PikSendRetry: Attempt 5/5 failed for unknown: PikSend.lrplugin/tests/test_retry_properties.lua:124: Always fail
[2026-01-30 15:00:54] [ERROR] PikSendRetry: All retry attempts failed for unknown after 5 attempt(s): PikSend.lrplugin/tests/test_retry_properties.lua:124: Always fail
[2026-01-30 15:00:54] [WARN] PikSendRetry: Attempt 1/1 failed for unknown: PikSend.lrplugin/tests/test_retry_properties.lua:124: Always fail
[2026-01-30 15:00:54] [ERROR] PikSendRetry: All retry attempts failed for unknown after 1 attempt(s): PikSend.lrplugin/tests/test_retry_properties.lua:124: Always fail
[2026-01-30 15:00:54] [WARN] PikSendRetry: Attempt 1/3 failed for unknown: PikSend.lrplugin/tests/test_retry_properties.lua:124: Always fail
[2026-01-30 15:00:54] [INFO] PikSendRetry: Retrying unknown (attempt 1/2)
[2026-01-30 15:00:54] [WARN] PikSendRetry: Attempt 2/3 failed for unknown: PikSend.lrplugin/tests/test_retry_properties.lua:124: Always fail
[2026-01-30 15:00:54] [INFO] PikSendRetry: Retrying unknown (attempt 2/2)
[2026-01-30 15:00:54] [WARN] PikSendRetry: Attempt 3/3 failed for unknown: PikSend.lrplugin/tests/test_retry_properties.lua:124: Always fail
[2026-01-30 15:00:54] [ERROR] PikSendRetry: All retry attempts failed for unknown after 3 attempt(s): PikSend.lrplugin/tests/test_retry_properties.lua:124: Always fail
[2026-01-30 15:00:54] [WARN] PikSendRetry: Attempt 1/1 failed for unknown: PikSend.lrplugin/tests/test_retry_properties.lua:124: Always fail
[2026-01-30 15:00:54] [ERROR] PikSendRetry: All retry attempts failed for unknown after 1 attempt(s): PikSend.lrplugin/tests/test_retry_properties.lua:124: Always fail
[2026-01-30 15:00:54] [WARN] PikSendRetry: Attempt 1/1 failed for unknown: PikSend.lrplugin/tests/test_retry_properties.lua:124: Always fail
[2026-01-30 15:00:54] [ERROR] PikSendRetry: All retry attempts failed for unknown after 1 attempt(s): PikSend.lrplugin/tests/test_retry_properties.lua:124: Always fail
[2026-01-30 15:00:54] [WARN] PikSendRetry: Attempt 1/2 failed for unknown: PikSend.lrplugin/tests/test_retry_properties.lua:124: Always fail
[2026-01-30 15:00:54] [INFO] PikSendRetry: Retrying unknown (attempt 1/1)
[2026-01-30 15:00:54] [WARN] PikSendRetry: Attempt 2/2 failed for unknown: PikSend.lrplugin/tests/test_retry_properties.lua:124: Always fail
[2026-01-30 15:00:54] [ERROR] PikSendRetry: All retry attempts failed for unknown after 2 attempt(s): PikSend.lrplugin/tests/test_retry_properties.lua:124: Always fail
[2026-01-30 15:00:54] [WARN] PikSendRetry: Attempt 1/3 failed for unknown: PikSend.lrplugin/tests/test_retry_properties.lua:124: Always fail
[2026-01-30 15:00:54] [INFO] PikSendRetry: Retrying unknown (attempt 1/2)
[2026-01-30 15:00:54] [WARN] PikSendRetry: Attempt 2/3 failed for unknown: PikSend.lrplugin/tests/test_retry_properties.lua:124: Always fail
[2026-01-30 15:00:54] [INFO] PikSendRetry: Retrying unknown (attempt 2/2)
[2026-01-30 15:00:54] [WARN] PikSendRetry: Attempt 3/3 failed for unknown: PikSend.lrplugin/tests/test_retry_properties.lua:124: Always fail
[2026-01-30 15:00:54] [ERROR] PikSendRetry: All retry attempts failed for unknown after 3 attempt(s): PikSend.lrplugin/tests/test_retry_properties.lua:124: Always fail
[2026-01-30 15:00:54] [WARN] PikSendRetry: Attempt 1/5 failed for unknown: PikSend.lrplugin/tests/test_retry_properties.lua:124: Always fail
[2026-01-30 15:00:54] [INFO] PikSendRetry: Retrying unknown (attempt 1/4)
[2026-01-30 15:00:54] [WARN] PikSendRetry: Attempt 2/5 failed for unknown: PikSend.lrplugin/tests/test_retry_properties.lua:124: Always fail
[2026-01-30 15:00:54] [INFO] PikSendRetry: Retrying unknown (attempt 2/4)
[2026-01-30 15:00:54] [WARN] PikSendRetry: Attempt 3/5 failed for unknown: PikSend.lrplugin/tests/test_retry_properties.lua:124: Always fail
[2026-01-30 15:00:54] [INFO] PikSendRetry: Retrying unknown (attempt 3/4)
[2026-01-30 15:00:54] [WARN] PikSendRetry: Attempt 4/5 failed for unknown: PikSend.lrplugin/tests/test_retry_properties.lua:124: Always fail
[2026-01-30 15:00:54] [INFO] PikSendRetry: Retrying unknown (attempt 4/4)
[2026-01-30 15:00:54] [WARN] PikSendRetry: Attempt 5/5 failed for unknown: PikSend.lrplugin/tests/test_retry_properties.lua:124: Always fail
[2026-01-30 15:00:54] [ERROR] PikSendRetry: All retry attempts failed for unknown after 5 attempt(s): PikSend.lrplugin/tests/test_retry_properties.lua:124: Always fail
[2026-01-30 15:00:54] [WARN] PikSendRetry: Attempt 1/3 failed for unknown: PikSend.lrplugin/tests/test_retry_properties.lua:124: Always fail
[2026-01-30 15:00:54] [INFO] PikSendRetry: Retrying unknown (attempt 1/2)
[2026-01-30 15:00:54] [WARN] PikSendRetry: Attempt 2/3 failed for unknown: PikSend.lrplugin/tests/test_retry_properties.lua:124: Always fail
[2026-01-30 15:00:54] [INFO] PikSendRetry: Retrying unknown (attempt 2/2)
[2026-01-30 15:00:54] [WARN] PikSendRetry: Attempt 3/3 failed for unknown: PikSend.lrplugin/tests/test_retry_properties.lua:124: Always fail
[2026-01-30 15:00:54] [ERROR] PikSendRetry: All retry attempts failed for unknown after 3 attempt(s): PikSend.lrplugin/tests/test_retry_properties.lua:124: Always fail
[2026-01-30 15:00:54] [WARN] PikSendRetry: Attempt 1/3 failed for unknown: PikSend.lrplugin/tests/test_retry_properties.lua:124: Always fail
[2026-01-30 15:00:54] [INFO] PikSendRetry: Retrying unknown (attempt 1/2)
[2026-01-30 15:00:54] [WARN] PikSendRetry: Attempt 2/3 failed for unknown: PikSend.lrplugin/tests/test_retry_properties.lua:124: Always fail
[2026-01-30 15:00:54] [INFO] PikSendRetry: Retrying unknown (attempt 2/2)
[2026-01-30 15:00:54] [WARN] PikSendRetry: Attempt 3/3 failed for unknown: PikSend.lrplugin/tests/test_retry_properties.lua:124: Always fail
[2026-01-30 15:00:54] [ERROR] PikSendRetry: All retry attempts failed for unknown after 3 attempt(s): PikSend.lrplugin/tests/test_retry_properties.lua:124: Always fail
[2026-01-30 15:00:54] [WARN] PikSendRetry: Attempt 1/1 failed for unknown: PikSend.lrplugin/tests/test_retry_properties.lua:124: Always fail
[2026-01-30 15:00:54] [ERROR] PikSendRetry: All retry attempts failed for unknown after 1 attempt(s): PikSend.lrplugin/tests/test_retry_properties.lua:124: Always fail
[2026-01-30 15:00:54] [WARN] PikSendRetry: Attempt 1/3 failed for unknown: PikSend.lrplugin/tests/test_retry_properties.lua:124: Always fail
[2026-01-30 15:00:54] [INFO] PikSendRetry: Retrying unknown (attempt 1/2)
[2026-01-30 15:00:54] [WARN] PikSendRetry: Attempt 2/3 failed for unknown: PikSend.lrplugin/tests/test_retry_properties.lua:124: Always fail
[2026-01-30 15:00:54] [INFO] PikSendRetry: Retrying unknown (attempt 2/2)
[2026-01-30 15:00:54] [WARN] PikSendRetry: Attempt 3/3 failed for unknown: PikSend.lrplugin/tests/test_retry_properties.lua:124: Always fail
[2026-01-30 15:00:54] [ERROR] PikSendRetry: All retry attempts failed for unknown after 3 attempt(s): PikSend.lrplugin/tests/test_retry_properties.lua:124: Always fail
[2026-01-30 15:00:54] [WARN] PikSendRetry: Attempt 1/5 failed for unknown: PikSend.lrplugin/tests/test_retry_properties.lua:124: Always fail
[2026-01-30 15:00:54] [INFO] PikSendRetry: Retrying unknown (attempt 1/4)
[2026-01-30 15:00:54] [WARN] PikSendRetry: Attempt 2/5 failed for unknown: PikSend.lrplugin/tests/test_retry_properties.lua:124: Always fail
[2026-01-30 15:00:54] [INFO] PikSendRetry: Retrying unknown (attempt 2/4)
[2026-01-30 15:00:54] [WARN] PikSendRetry: Attempt 3/5 failed for unknown: PikSend.lrplugin/tests/test_retry_properties.lua:124: Always fail
[2026-01-30 15:00:54] [INFO] PikSendRetry: Retrying unknown (attempt 3/4)
[2026-01-30 15:00:54] [WARN] PikSendRetry: Attempt 4/5 failed for unknown: PikSend.lrplugin/tests/test_retry_properties.lua:124: Always fail
[2026-01-30 15:00:54] [INFO] PikSendRetry: Retrying unknown (attempt 4/4)
[2026-01-30 15:00:55] [WARN] PikSendRetry: Attempt 5/5 failed for unknown: PikSend.lrplugin/tests/test_retry_properties.lua:124: Always fail
[2026-01-30 15:00:55] [ERROR] PikSendRetry: All retry attempts failed for unknown after 5 attempt(s): PikSend.lrplugin/tests/test_retry_properties.lua:124: Always fail
[2026-01-30 15:00:55] [WARN] PikSendRetry: Attempt 1/3 failed for unknown: PikSend.lrplugin/tests/test_retry_properties.lua:124: Always fail
[2026-01-30 15:00:55] [INFO] PikSendRetry: Retrying unknown (attempt 1/2)
[2026-01-30 15:00:55] [WARN] PikSendRetry: Attempt 2/3 failed for unknown: PikSend.lrplugin/tests/test_retry_properties.lua:124: Always fail
[2026-01-30 15:00:55] [INFO] PikSendRetry: Retrying unknown (attempt 2/2)
[2026-01-30 15:00:55] [WARN] PikSendRetry: Attempt 3/3 failed for unknown: PikSend.lrplugin/tests/test_retry_properties.lua:124: Always fail
[2026-01-30 15:00:55] [ERROR] PikSendRetry: All retry attempts failed for unknown after 3 attempt(s): PikSend.lrplugin/tests/test_retry_properties.lua:124: Always fail
[2026-01-30 15:00:55] [WARN] PikSendRetry: Attempt 1/2 failed for unknown: PikSend.lrplugin/tests/test_retry_properties.lua:124: Always fail
[2026-01-30 15:00:55] [INFO] PikSendRetry: Retrying unknown (attempt 1/1)
[2026-01-30 15:00:55] [WARN] PikSendRetry: Attempt 2/2 failed for unknown: PikSend.lrplugin/tests/test_retry_properties.lua:124: Always fail
[2026-01-30 15:00:55] [ERROR] PikSendRetry: All retry attempts failed for unknown after 2 attempt(s): PikSend.lrplugin/tests/test_retry_properties.lua:124: Always fail
[2026-01-30 15:00:55] [WARN] PikSendRetry: Attempt 1/2 failed for unknown: PikSend.lrplugin/tests/test_retry_properties.lua:124: Always fail
[2026-01-30 15:00:55] [INFO] PikSendRetry: Retrying unknown (attempt 1/1)
[2026-01-30 15:00:55] [WARN] PikSendRetry: Attempt 2/2 failed for unknown: PikSend.lrplugin/tests/test_retry_properties.lua:124: Always fail
[2026-01-30 15:00:55] [ERROR] PikSendRetry: All retry attempts failed for unknown after 2 attempt(s): PikSend.lrplugin/tests/test_retry_properties.lua:124: Always fail
[2026-01-30 15:00:55] [WARN] PikSendRetry: Attempt 1/1 failed for unknown: PikSend.lrplugin/tests/test_retry_properties.lua:124: Always fail
[2026-01-30 15:00:55] [ERROR] PikSendRetry: All retry attempts failed for unknown after 1 attempt(s): PikSend.lrplugin/tests/test_retry_properties.lua:124: Always fail
[2026-01-30 15:00:55] [WARN] PikSendRetry: Attempt 1/1 failed for unknown: PikSend.lrplugin/tests/test_retry_properties.lua:124: Always fail
[2026-01-30 15:00:55] [ERROR] PikSendRetry: All retry attempts failed for unknown after 1 attempt(s): PikSend.lrplugin/tests/test_retry_properties.lua:124: Always fail
[2026-01-30 15:00:55] [WARN] PikSendRetry: Attempt 1/6 failed for unknown: PikSend.lrplugin/tests/test_retry_properties.lua:124: Always fail
[2026-01-30 15:00:55] [INFO] PikSendRetry: Retrying unknown (attempt 1/5)
[2026-01-30 15:00:55] [WARN] PikSendRetry: Attempt 2/6 failed for unknown: PikSend.lrplugin/tests/test_retry_properties.lua:124: Always fail
[2026-01-30 15:00:55] [INFO] PikSendRetry: Retrying unknown (attempt 2/5)
[2026-01-30 15:00:55] [WARN] PikSendRetry: Attempt 3/6 failed for unknown: PikSend.lrplugin/tests/test_retry_properties.lua:124: Always fail
[2026-01-30 15:00:55] [INFO] PikSendRetry: Retrying unknown (attempt 3/5)
[2026-01-30 15:00:55] [WARN] PikSendRetry: Attempt 4/6 failed for unknown: PikSend.lrplugin/tests/test_retry_properties.lua:124: Always fail
[2026-01-30 15:00:55] [INFO] PikSendRetry: Retrying unknown (attempt 4/5)
[2026-01-30 15:00:55] [WARN] PikSendRetry: Attempt 5/6 failed for unknown: PikSend.lrplugin/tests/test_retry_properties.lua:124: Always fail
[2026-01-30 15:00:55] [INFO] PikSendRetry: Retrying unknown (attempt 5/5)
[2026-01-30 15:00:55] [WARN] PikSendRetry: Attempt 6/6 failed for unknown: PikSend.lrplugin/tests/test_retry_properties.lua:124: Always fail
[2026-01-30 15:00:55] [ERROR] PikSendRetry: All retry attempts failed for unknown after 6 attempt(s): PikSend.lrplugin/tests/test_retry_properties.lua:124: Always fail
[2026-01-30 15:00:55] [WARN] PikSendRetry: Attempt 1/1 failed for unknown: PikSend.lrplugin/tests/test_retry_properties.lua:124: Always fail
[2026-01-30 15:00:55] [ERROR] PikSendRetry: All retry attempts failed for unknown after 1 attempt(s): PikSend.lrplugin/tests/test_retry_properties.lua:124: Always fail
[2026-01-30 15:00:55] [WARN] PikSendRetry: Attempt 1/1 failed for unknown: PikSend.lrplugin/tests/test_retry_properties.lua:124: Always fail
[2026-01-30 15:00:55] [ERROR] PikSendRetry: All retry attempts failed for unknown after 1 attempt(s): PikSend.lrplugin/tests/test_retry_properties.lua:124: Always fail
[2026-01-30 15:00:55] [WARN] PikSendRetry: Attempt 1/1 failed for unknown: PikSend.lrplugin/tests/test_retry_properties.lua:124: Always fail
[2026-01-30 15:00:55] [ERROR] PikSendRetry: All retry attempts failed for unknown after 1 attempt(s): PikSend.lrplugin/tests/test_retry_properties.lua:124: Always fail
[2026-01-30 15:00:55] [WARN] PikSendRetry: Attempt 1/4 failed for unknown: PikSend.lrplugin/tests/test_retry_properties.lua:124: Always fail
[2026-01-30 15:00:55] [INFO] PikSendRetry: Retrying unknown (attempt 1/3)
[2026-01-30 15:00:55] [WARN] PikSendRetry: Attempt 2/4 failed for unknown: PikSend.lrplugin/tests/test_retry_properties.lua:124: Always fail
[2026-01-30 15:00:55] [INFO] PikSendRetry: Retrying unknown (attempt 2/3)
[2026-01-30 15:00:55] [WARN] PikSendRetry: Attempt 3/4 failed for unknown: PikSend.lrplugin/tests/test_retry_properties.lua:124: Always fail
[2026-01-30 15:00:55] [INFO] PikSendRetry: Retrying unknown (attempt 3/3)
[2026-01-30 15:00:55] [WARN] PikSendRetry: Attempt 4/4 failed for unknown: PikSend.lrplugin/tests/test_retry_properties.lua:124: Always fail
[2026-01-30 15:00:55] [ERROR] PikSendRetry: All retry attempts failed for unknown after 4 attempt(s): PikSend.lrplugin/tests/test_retry_properties.lua:124: Always fail
[2026-01-30 15:00:55] [WARN] PikSendRetry: Attempt 1/2 failed for unknown: PikSend.lrplugin/tests/test_retry_properties.lua:124: Always fail
[2026-01-30 15:00:55] [INFO] PikSendRetry: Retrying unknown (attempt 1/1)
[2026-01-30 15:00:55] [WARN] PikSendRetry: Attempt 2/2 failed for unknown: PikSend.lrplugin/tests/test_retry_properties.lua:124: Always fail
[2026-01-30 15:00:55] [ERROR] PikSendRetry: All retry attempts failed for unknown after 2 attempt(s): PikSend.lrplugin/tests/test_retry_properties.lua:124: Always fail
[2026-01-30 15:00:55] [WARN] PikSendRetry: Attempt 1/3 failed for unknown: PikSend.lrplugin/tests/test_retry_properties.lua:124: Always fail
[2026-01-30 15:00:55] [INFO] PikSendRetry: Retrying unknown (attempt 1/2)
[2026-01-30 15:00:55] [WARN] PikSendRetry: Attempt 2/3 failed for unknown: PikSend.lrplugin/tests/test_retry_properties.lua:124: Always fail
[2026-01-30 15:00:55] [INFO] PikSendRetry: Retrying unknown (attempt 2/2)
[2026-01-30 15:00:55] [WARN] PikSendRetry: Attempt 3/3 failed for unknown: PikSend.lrplugin/tests/test_retry_properties.lua:124: Always fail
[2026-01-30 15:00:55] [ERROR] PikSendRetry: All retry attempts failed for unknown after 3 attempt(s): PikSend.lrplugin/tests/test_retry_properties.lua:124: Always fail
[2026-01-30 15:00:55] [WARN] PikSendRetry: Attempt 1/3 failed for unknown: PikSend.lrplugin/tests/test_retry_properties.lua:124: Always fail
[2026-01-30 15:00:55] [INFO] PikSendRetry: Retrying unknown (attempt 1/2)
[2026-01-30 15:00:55] [WARN] PikSendRetry: Attempt 2/3 failed for unknown: PikSend.lrplugin/tests/test_retry_properties.lua:124: Always fail
[2026-01-30 15:00:55] [INFO] PikSendRetry: Retrying unknown (attempt 2/2)
[2026-01-30 15:00:55] [WARN] PikSendRetry: Attempt 3/3 failed for unknown: PikSend.lrplugin/tests/test_retry_properties.lua:124: Always fail
[2026-01-30 15:00:55] [ERROR] PikSendRetry: All retry attempts failed for unknown after 3 attempt(s): PikSend.lrplugin/tests/test_retry_properties.lua:124: Always fail
[2026-01-30 15:00:55] [WARN] PikSendRetry: Attempt 1/4 failed for unknown: PikSend.lrplugin/tests/test_retry_properties.lua:124: Always fail
[2026-01-30 15:00:55] [INFO] PikSendRetry: Retrying unknown (attempt 1/3)
[2026-01-30 15:00:55] [WARN] PikSendRetry: Attempt 2/4 failed for unknown: PikSend.lrplugin/tests/test_retry_properties.lua:124: Always fail
[2026-01-30 15:00:55] [INFO] PikSendRetry: Retrying unknown (attempt 2/3)
[2026-01-30 15:00:55] [WARN] PikSendRetry: Attempt 3/4 failed for unknown: PikSend.lrplugin/tests/test_retry_properties.lua:124: Always fail
[2026-01-30 15:00:55] [INFO] PikSendRetry: Retrying unknown (attempt 3/3)
[2026-01-30 15:00:55] [WARN] PikSendRetry: Attempt 4/4 failed for unknown: PikSend.lrplugin/tests/test_retry_properties.lua:124: Always fail
[2026-01-30 15:00:55] [ERROR] PikSendRetry: All retry attempts failed for unknown after 4 attempt(s): PikSend.lrplugin/tests/test_retry_properties.lua:124: Always fail
[2026-01-30 15:00:55] [WARN] PikSendRetry: Attempt 1/6 failed for unknown: PikSend.lrplugin/tests/test_retry_properties.lua:124: Always fail
[2026-01-30 15:00:55] [INFO] PikSendRetry: Retrying unknown (attempt 1/5)
[2026-01-30 15:00:55] [WARN] PikSendRetry: Attempt 2/6 failed for unknown: PikSend.lrplugin/tests/test_retry_properties.lua:124: Always fail
[2026-01-30 15:00:55] [INFO] PikSendRetry: Retrying unknown (attempt 2/5)
[2026-01-30 15:00:55] [WARN] PikSendRetry: Attempt 3/6 failed for unknown: PikSend.lrplugin/tests/test_retry_properties.lua:124: Always fail
[2026-01-30 15:00:55] [INFO] PikSendRetry: Retrying unknown (attempt 3/5)
[2026-01-30 15:00:55] [WARN] PikSendRetry: Attempt 4/6 failed for unknown: PikSend.lrplugin/tests/test_retry_properties.lua:124: Always fail
[2026-01-30 15:00:55] [INFO] PikSendRetry: Retrying unknown (attempt 4/5)
[2026-01-30 15:00:55] [WARN] PikSendRetry: Attempt 5/6 failed for unknown: PikSend.lrplugin/tests/test_retry_properties.lua:124: Always fail
[2026-01-30 15:00:55] [INFO] PikSendRetry: Retrying unknown (attempt 5/5)
[2026-01-30 15:00:55] [WARN] PikSendRetry: Attempt 6/6 failed for unknown: PikSend.lrplugin/tests/test_retry_properties.lua:124: Always fail
[2026-01-30 15:00:55] [ERROR] PikSendRetry: All retry attempts failed for unknown after 6 attempt(s): PikSend.lrplugin/tests/test_retry_properties.lua:124: Always fail
[2026-01-30 15:00:55] [WARN] PikSendRetry: Attempt 1/5 failed for unknown: PikSend.lrplugin/tests/test_retry_properties.lua:124: Always fail
[2026-01-30 15:00:55] [INFO] PikSendRetry: Retrying unknown (attempt 1/4)
[2026-01-30 15:00:55] [WARN] PikSendRetry: Attempt 2/5 failed for unknown: PikSend.lrplugin/tests/test_retry_properties.lua:124: Always fail
[2026-01-30 15:00:55] [INFO] PikSendRetry: Retrying unknown (attempt 2/4)
[2026-01-30 15:00:55] [WARN] PikSendRetry: Attempt 3/5 failed for unknown: PikSend.lrplugin/tests/test_retry_properties.lua:124: Always fail
[2026-01-30 15:00:55] [INFO] PikSendRetry: Retrying unknown (attempt 3/4)
[2026-01-30 15:00:55] [WARN] PikSendRetry: Attempt 4/5 failed for unknown: PikSend.lrplugin/tests/test_retry_properties.lua:124: Always fail
[2026-01-30 15:00:55] [INFO] PikSendRetry: Retrying unknown (attempt 4/4)
[2026-01-30 15:00:55] [WARN] PikSendRetry: Attempt 5/5 failed for unknown: PikSend.lrplugin/tests/test_retry_properties.lua:124: Always fail
[2026-01-30 15:00:55] [ERROR] PikSendRetry: All retry attempts failed for unknown after 5 attempt(s): PikSend.lrplugin/tests/test_retry_properties.lua:124: Always fail
[2026-01-30 15:00:55] [WARN] PikSendRetry: Attempt 1/6 failed for unknown: PikSend.lrplugin/tests/test_retry_properties.lua:124: Always fail
[2026-01-30 15:00:55] [INFO] PikSendRetry: Retrying unknown (attempt 1/5)
[2026-01-30 15:00:55] [WARN] PikSendRetry: Attempt 2/6 failed for unknown: PikSend.lrplugin/tests/test_retry_properties.lua:124: Always fail
[2026-01-30 15:00:55] [INFO] PikSendRetry: Retrying unknown (attempt 2/5)
[2026-01-30 15:00:55] [WARN] PikSendRetry: Attempt 3/6 failed for unknown: PikSend.lrplugin/tests/test_retry_properties.lua:124: Always fail
[2026-01-30 15:00:55] [INFO] PikSendRetry: Retrying unknown (attempt 3/5)
[2026-01-30 15:00:55] [WARN] PikSendRetry: Attempt 4/6 failed for unknown: PikSend.lrplugin/tests/test_retry_properties.lua:124: Always fail
[2026-01-30 15:00:55] [INFO] PikSendRetry: Retrying unknown (attempt 4/5)
[2026-01-30 15:00:55] [WARN] PikSendRetry: Attempt 5/6 failed for unknown: PikSend.lrplugin/tests/test_retry_properties.lua:124: Always fail
[2026-01-30 15:00:55] [INFO] PikSendRetry: Retrying unknown (attempt 5/5)
[2026-01-30 15:00:55] [WARN] PikSendRetry: Attempt 6/6 failed for unknown: PikSend.lrplugin/tests/test_retry_properties.lua:124: Always fail
[2026-01-30 15:00:55] [ERROR] PikSendRetry: All retry attempts failed for unknown after 6 attempt(s): PikSend.lrplugin/tests/test_retry_properties.lua:124: Always fail
[2026-01-30 15:00:55] [WARN] PikSendRetry: Attempt 1/3 failed for unknown: PikSend.lrplugin/tests/test_retry_properties.lua:124: Always fail
[2026-01-30 15:00:55] [INFO] PikSendRetry: Retrying unknown (attempt 1/2)
[2026-01-30 15:00:55] [WARN] PikSendRetry: Attempt 2/3 failed for unknown: PikSend.lrplugin/tests/test_retry_properties.lua:124: Always fail
[2026-01-30 15:00:55] [INFO] PikSendRetry: Retrying unknown (attempt 2/2)
[2026-01-30 15:00:55] [WARN] PikSendRetry: Attempt 3/3 failed for unknown: PikSend.lrplugin/tests/test_retry_properties.lua:124: Always fail
[2026-01-30 15:00:55] [ERROR] PikSendRetry: All retry attempts failed for unknown after 3 attempt(s): PikSend.lrplugin/tests/test_retry_properties.lua:124: Always fail
[2026-01-30 15:00:55] [WARN] PikSendRetry: Attempt 1/6 failed for unknown: PikSend.lrplugin/tests/test_retry_properties.lua:124: Always fail
[2026-01-30 15:00:55] [INFO] PikSendRetry: Retrying unknown (attempt 1/5)
[2026-01-30 15:00:55] [WARN] PikSendRetry: Attempt 2/6 failed for unknown: PikSend.lrplugin/tests/test_retry_properties.lua:124: Always fail
[2026-01-30 15:00:55] [INFO] PikSendRetry: Retrying unknown (attempt 2/5)
[2026-01-30 15:00:55] [WARN] PikSendRetry: Attempt 3/6 failed for unknown: PikSend.lrplugin/tests/test_retry_properties.lua:124: Always fail
[2026-01-30 15:00:55] [INFO] PikSendRetry: Retrying unknown (attempt 3/5)
[2026-01-30 15:00:55] [WARN] PikSendRetry: Attempt 4/6 failed for unknown: PikSend.lrplugin/tests/test_retry_properties.lua:124: Always fail
[2026-01-30 15:00:55] [INFO] PikSendRetry: Retrying unknown (attempt 4/5)
[2026-01-30 15:00:55] [WARN] PikSendRetry: Attempt 5/6 failed for unknown: PikSend.lrplugin/tests/test_retry_properties.lua:124: Always fail
[2026-01-30 15:00:55] [INFO] PikSendRetry: Retrying unknown (attempt 5/5)
[2026-01-30 15:00:55] [WARN] PikSendRetry: Attempt 6/6 failed for unknown: PikSend.lrplugin/tests/test_retry_properties.lua:124: Always fail
[2026-01-30 15:00:55] [ERROR] PikSendRetry: All retry attempts failed for unknown after 6 attempt(s): PikSend.lrplugin/tests/test_retry_properties.lua:124: Always fail
[2026-01-30 15:00:55] [WARN] PikSendRetry: Attempt 1/3 failed for unknown: PikSend.lrplugin/tests/test_retry_properties.lua:124: Always fail
[2026-01-30 15:00:55] [INFO] PikSendRetry: Retrying unknown (attempt 1/2)
[2026-01-30 15:00:55] [WARN] PikSendRetry: Attempt 2/3 failed for unknown: PikSend.lrplugin/tests/test_retry_properties.lua:124: Always fail
[2026-01-30 15:00:55] [INFO] PikSendRetry: Retrying unknown (attempt 2/2)
[2026-01-30 15:00:55] [WARN] PikSendRetry: Attempt 3/3 failed for unknown: PikSend.lrplugin/tests/test_retry_properties.lua:124: Always fail
[2026-01-30 15:00:55] [ERROR] PikSendRetry: All retry attempts failed for unknown after 3 attempt(s): PikSend.lrplugin/tests/test_retry_properties.lua:124: Always fail
[2026-01-30 15:00:55] [WARN] PikSendRetry: Attempt 1/3 failed for unknown: PikSend.lrplugin/tests/test_retry_properties.lua:124: Always fail
[2026-01-30 15:00:55] [INFO] PikSendRetry: Retrying unknown (attempt 1/2)
[2026-01-30 15:00:55] [WARN] PikSendRetry: Attempt 2/3 failed for unknown: PikSend.lrplugin/tests/test_retry_properties.lua:124: Always fail
[2026-01-30 15:00:55] [INFO] PikSendRetry: Retrying unknown (attempt 2/2)
[2026-01-30 15:00:55] [WARN] PikSendRetry: Attempt 3/3 failed for unknown: PikSend.lrplugin/tests/test_retry_properties.lua:124: Always fail
[2026-01-30 15:00:55] [ERROR] PikSendRetry: All retry attempts failed for unknown after 3 attempt(s): PikSend.lrplugin/tests/test_retry_properties.lua:124: Always fail
[2026-01-30 15:00:55] [WARN] PikSendRetry: Attempt 1/6 failed for unknown: PikSend.lrplugin/tests/test_retry_properties.lua:124: Always fail
[2026-01-30 15:00:55] [INFO] PikSendRetry: Retrying unknown (attempt 1/5)
[2026-01-30 15:00:55] [WARN] PikSendRetry: Attempt 2/6 failed for unknown: PikSend.lrplugin/tests/test_retry_properties.lua:124: Always fail
[2026-01-30 15:00:55] [INFO] PikSendRetry: Retrying unknown (attempt 2/5)
[2026-01-30 15:00:55] [WARN] PikSendRetry: Attempt 3/6 failed for unknown: PikSend.lrplugin/tests/test_retry_properties.lua:124: Always fail
[2026-01-30 15:00:55] [INFO] PikSendRetry: Retrying unknown (attempt 3/5)
[2026-01-30 15:00:55] [WARN] PikSendRetry: Attempt 4/6 failed for unknown: PikSend.lrplugin/tests/test_retry_properties.lua:124: Always fail
[2026-01-30 15:00:55] [INFO] PikSendRetry: Retrying unknown (attempt 4/5)
[2026-01-30 15:00:55] [WARN] PikSendRetry: Attempt 5/6 failed for unknown: PikSend.lrplugin/tests/test_retry_properties.lua:124: Always fail
[2026-01-30 15:00:55] [INFO] PikSendRetry: Retrying unknown (attempt 5/5)
[2026-01-30 15:00:55] [WARN] PikSendRetry: Attempt 6/6 failed for unknown: PikSend.lrplugin/tests/test_retry_properties.lua:124: Always fail
[2026-01-30 15:00:55] [ERROR] PikSendRetry: All retry attempts failed for unknown after 6 attempt(s): PikSend.lrplugin/tests/test_retry_properties.lua:124: Always fail
[2026-01-30 15:00:55] [WARN] PikSendRetry: Attempt 1/1 failed for unknown: PikSend.lrplugin/tests/test_retry_properties.lua:124: Always fail
[2026-01-30 15:00:55] [ERROR] PikSendRetry: All retry attempts failed for unknown after 1 attempt(s): PikSend.lrplugin/tests/test_retry_properties.lua:124: Always fail
[2026-01-30 15:00:55] [WARN] PikSendRetry: Attempt 1/6 failed for unknown: PikSend.lrplugin/tests/test_retry_properties.lua:124: Always fail
[2026-01-30 15:00:55] [INFO] PikSendRetry: Retrying unknown (attempt 1/5)
[2026-01-30 15:00:55] [WARN] PikSendRetry: Attempt 2/6 failed for unknown: PikSend.lrplugin/tests/test_retry_properties.lua:124: Always fail
[2026-01-30 15:00:55] [INFO] PikSendRetry: Retrying unknown (attempt 2/5)
[2026-01-30 15:00:55] [WARN] PikSendRetry: Attempt 3/6 failed for unknown: PikSend.lrplugin/tests/test_retry_properties.lua:124: Always fail
[2026-01-30 15:00:55] [INFO] PikSendRetry: Retrying unknown (attempt 3/5)
[2026-01-30 15:00:55] [WARN] PikSendRetry: Attempt 4/6 failed for unknown: PikSend.lrplugin/tests/test_retry_properties.lua:124: Always fail
[2026-01-30 15:00:55] [INFO] PikSendRetry: Retrying unknown (attempt 4/5)
[2026-01-30 15:00:55] [WARN] PikSendRetry: Attempt 5/6 failed for unknown: PikSend.lrplugin/tests/test_retry_properties.lua:124: Always fail
[2026-01-30 15:00:55] [INFO] PikSendRetry: Retrying unknown (attempt 5/5)
[2026-01-30 15:00:55] [WARN] PikSendRetry: Attempt 6/6 failed for unknown: PikSend.lrplugin/tests/test_retry_properties.lua:124: Always fail
[2026-01-30 15:00:55] [ERROR] PikSendRetry: All retry attempts failed for unknown after 6 attempt(s): PikSend.lrplugin/tests/test_retry_properties.lua:124: Always fail
[2026-01-30 15:00:55] [WARN] PikSendRetry: Attempt 1/3 failed for unknown: PikSend.lrplugin/tests/test_retry_properties.lua:124: Always fail
[2026-01-30 15:00:55] [INFO] PikSendRetry: Retrying unknown (attempt 1/2)
[2026-01-30 15:00:55] [WARN] PikSendRetry: Attempt 2/3 failed for unknown: PikSend.lrplugin/tests/test_retry_properties.lua:124: Always fail
[2026-01-30 15:00:55] [INFO] PikSendRetry: Retrying unknown (attempt 2/2)
[2026-01-30 15:00:55] [WARN] PikSendRetry: Attempt 3/3 failed for unknown: PikSend.lrplugin/tests/test_retry_properties.lua:124: Always fail
[2026-01-30 15:00:55] [ERROR] PikSendRetry: All retry attempts failed for unknown after 3 attempt(s): PikSend.lrplugin/tests/test_retry_properties.lua:124: Always fail
[2026-01-30 15:00:55] [WARN] PikSendRetry: Attempt 1/1 failed for unknown: PikSend.lrplugin/tests/test_retry_properties.lua:124: Always fail
[2026-01-30 15:00:55] [ERROR] PikSendRetry: All retry attempts failed for unknown after 1 attempt(s): PikSend.lrplugin/tests/test_retry_properties.lua:124: Always fail
[2026-01-30 15:00:55] [WARN] PikSendRetry: Attempt 1/4 failed for unknown: PikSend.lrplugin/tests/test_retry_properties.lua:124: Always fail
[2026-01-30 15:00:55] [INFO] PikSendRetry: Retrying unknown (attempt 1/3)
[2026-01-30 15:00:55] [WARN] PikSendRetry: Attempt 2/4 failed for unknown: PikSend.lrplugin/tests/test_retry_properties.lua:124: Always fail
[2026-01-30 15:00:55] [INFO] PikSendRetry: Retrying unknown (attempt 2/3)
[2026-01-30 15:00:55] [WARN] PikSendRetry: Attempt 3/4 failed for unknown: PikSend.lrplugin/tests/test_retry_properties.lua:124: Always fail
[2026-01-30 15:00:55] [INFO] PikSendRetry: Retrying unknown (attempt 3/3)
[2026-01-30 15:00:55] [WARN] PikSendRetry: Attempt 4/4 failed for unknown: PikSend.lrplugin/tests/test_retry_properties.lua:124: Always fail
[2026-01-30 15:00:55] [ERROR] PikSendRetry: All retry attempts failed for unknown after 4 attempt(s): PikSend.lrplugin/tests/test_retry_properties.lua:124: Always fail
[2026-01-30 15:00:55] [WARN] PikSendRetry: Attempt 1/2 failed for unknown: PikSend.lrplugin/tests/test_retry_properties.lua:124: Always fail
[2026-01-30 15:00:55] [INFO] PikSendRetry: Retrying unknown (attempt 1/1)
[2026-01-30 15:00:55] [WARN] PikSendRetry: Attempt 2/2 failed for unknown: PikSend.lrplugin/tests/test_retry_properties.lua:124: Always fail
[2026-01-30 15:00:55] [ERROR] PikSendRetry: All retry attempts failed for unknown after 2 attempt(s): PikSend.lrplugin/tests/test_retry_properties.lua:124: Always fail
[2026-01-30 15:00:55] [WARN] PikSendRetry: Attempt 1/4 failed for unknown: PikSend.lrplugin/tests/test_retry_properties.lua:124: Always fail
[2026-01-30 15:00:55] [INFO] PikSendRetry: Retrying unknown (attempt 1/3)
[2026-01-30 15:00:55] [WARN] PikSendRetry: Attempt 2/4 failed for unknown: PikSend.lrplugin/tests/test_retry_properties.lua:124: Always fail
[2026-01-30 15:00:55] [INFO] PikSendRetry: Retrying unknown (attempt 2/3)
[2026-01-30 15:00:55] [WARN] PikSendRetry: Attempt 3/4 failed for unknown: PikSend.lrplugin/tests/test_retry_properties.lua:124: Always fail
[2026-01-30 15:00:55] [INFO] PikSendRetry: Retrying unknown (attempt 3/3)
[2026-01-30 15:00:55] [WARN] PikSendRetry: Attempt 4/4 failed for unknown: PikSend.lrplugin/tests/test_retry_properties.lua:124: Always fail
[2026-01-30 15:00:55] [ERROR] PikSendRetry: All retry attempts failed for unknown after 4 attempt(s): PikSend.lrplugin/tests/test_retry_properties.lua:124: Always fail
[2026-01-30 15:00:55] [WARN] PikSendRetry: Attempt 1/4 failed for unknown: PikSend.lrplugin/tests/test_retry_properties.lua:124: Always fail
[2026-01-30 15:00:55] [INFO] PikSendRetry: Retrying unknown (attempt 1/3)
[2026-01-30 15:00:55] [WARN] PikSendRetry: Attempt 2/4 failed for unknown: PikSend.lrplugin/tests/test_retry_properties.lua:124: Always fail
[2026-01-30 15:00:55] [INFO] PikSendRetry: Retrying unknown (attempt 2/3)
[2026-01-30 15:00:55] [WARN] PikSendRetry: Attempt 3/4 failed for unknown: PikSend.lrplugin/tests/test_retry_properties.lua:124: Always fail
[2026-01-30 15:00:55] [INFO] PikSendRetry: Retrying unknown (attempt 3/3)
[2026-01-30 15:00:55] [WARN] PikSendRetry: Attempt 4/4 failed for unknown: PikSend.lrplugin/tests/test_retry_properties.lua:124: Always fail
[2026-01-30 15:00:55] [ERROR] PikSendRetry: All retry attempts failed for unknown after 4 attempt(s): PikSend.lrplugin/tests/test_retry_properties.lua:124: Always fail
[2026-01-30 15:00:55] [WARN] PikSendRetry: Attempt 1/6 failed for unknown: PikSend.lrplugin/tests/test_retry_properties.lua:124: Always fail
[2026-01-30 15:00:55] [INFO] PikSendRetry: Retrying unknown (attempt 1/5)
[2026-01-30 15:00:55] [WARN] PikSendRetry: Attempt 2/6 failed for unknown: PikSend.lrplugin/tests/test_retry_properties.lua:124: Always fail
[2026-01-30 15:00:55] [INFO] PikSendRetry: Retrying unknown (attempt 2/5)
[2026-01-30 15:00:55] [WARN] PikSendRetry: Attempt 3/6 failed for unknown: PikSend.lrplugin/tests/test_retry_properties.lua:124: Always fail
[2026-01-30 15:00:55] [INFO] PikSendRetry: Retrying unknown (attempt 3/5)
[2026-01-30 15:00:55] [WARN] PikSendRetry: Attempt 4/6 failed for unknown: PikSend.lrplugin/tests/test_retry_properties.lua:124: Always fail
[2026-01-30 15:00:55] [INFO] PikSendRetry: Retrying unknown (attempt 4/5)
[2026-01-30 15:00:55] [WARN] PikSendRetry: Attempt 5/6 failed for unknown: PikSend.lrplugin/tests/test_retry_properties.lua:124: Always fail
[2026-01-30 15:00:55] [INFO] PikSendRetry: Retrying unknown (attempt 5/5)
[2026-01-30 15:00:55] [WARN] PikSendRetry: Attempt 6/6 failed for unknown: PikSend.lrplugin/tests/test_retry_properties.lua:124: Always fail
[2026-01-30 15:00:55] [ERROR] PikSendRetry: All retry attempts failed for unknown after 6 attempt(s): PikSend.lrplugin/tests/test_retry_properties.lua:124: Always fail
[2026-01-30 15:00:55] [WARN] PikSendRetry: Attempt 1/6 failed for unknown: PikSend.lrplugin/tests/test_retry_properties.lua:124: Always fail
[2026-01-30 15:00:55] [INFO] PikSendRetry: Retrying unknown (attempt 1/5)
[2026-01-30 15:00:55] [WARN] PikSendRetry: Attempt 2/6 failed for unknown: PikSend.lrplugin/tests/test_retry_properties.lua:124: Always fail
[2026-01-30 15:00:55] [INFO] PikSendRetry: Retrying unknown (attempt 2/5)
[2026-01-30 15:00:55] [WARN] PikSendRetry: Attempt 3/6 failed for unknown: PikSend.lrplugin/tests/test_retry_properties.lua:124: Always fail
[2026-01-30 15:00:55] [INFO] PikSendRetry: Retrying unknown (attempt 3/5)
[2026-01-30 15:00:55] [WARN] PikSendRetry: Attempt 4/6 failed for unknown: PikSend.lrplugin/tests/test_retry_properties.lua:124: Always fail
[2026-01-30 15:00:55] [INFO] PikSendRetry: Retrying unknown (attempt 4/5)
[2026-01-30 15:00:55] [WARN] PikSendRetry: Attempt 5/6 failed for unknown: PikSend.lrplugin/tests/test_retry_properties.lua:124: Always fail
[2026-01-30 15:00:55] [INFO] PikSendRetry: Retrying unknown (attempt 5/5)
[2026-01-30 15:00:55] [WARN] PikSendRetry: Attempt 6/6 failed for unknown: PikSend.lrplugin/tests/test_retry_properties.lua:124: Always fail
[2026-01-30 15:00:55] [ERROR] PikSendRetry: All retry attempts failed for unknown after 6 attempt(s): PikSend.lrplugin/tests/test_retry_properties.lua:124: Always fail
[2026-01-30 15:00:55] [WARN] PikSendRetry: Attempt 1/6 failed for unknown: PikSend.lrplugin/tests/test_retry_properties.lua:124: Always fail
[2026-01-30 15:00:55] [INFO] PikSendRetry: Retrying unknown (attempt 1/5)
[2026-01-30 15:00:55] [WARN] PikSendRetry: Attempt 2/6 failed for unknown: PikSend.lrplugin/tests/test_retry_properties.lua:124: Always fail
[2026-01-30 15:00:55] [INFO] PikSendRetry: Retrying unknown (attempt 2/5)
[2026-01-30 15:00:55] [WARN] PikSendRetry: Attempt 3/6 failed for unknown: PikSend.lrplugin/tests/test_retry_properties.lua:124: Always fail
[2026-01-30 15:00:55] [INFO] PikSendRetry: Retrying unknown (attempt 3/5)
[2026-01-30 15:00:55] [WARN] PikSendRetry: Attempt 4/6 failed for unknown: PikSend.lrplugin/tests/test_retry_properties.lua:124: Always fail
[2026-01-30 15:00:55] [INFO] PikSendRetry: Retrying unknown (attempt 4/5)
[2026-01-30 15:00:55] [WARN] PikSendRetry: Attempt 5/6 failed for unknown: PikSend.lrplugin/tests/test_retry_properties.lua:124: Always fail
[2026-01-30 15:00:55] [INFO] PikSendRetry: Retrying unknown (attempt 5/5)
[2026-01-30 15:00:55] [WARN] PikSendRetry: Attempt 6/6 failed for unknown: PikSend.lrplugin/tests/test_retry_properties.lua:124: Always fail
[2026-01-30 15:00:55] [ERROR] PikSendRetry: All retry attempts failed for unknown after 6 attempt(s): PikSend.lrplugin/tests/test_retry_properties.lua:124: Always fail
[2026-01-30 15:00:55] [WARN] PikSendRetry: Attempt 1/1 failed for unknown: PikSend.lrplugin/tests/test_retry_properties.lua:124: Always fail
[2026-01-30 15:00:55] [ERROR] PikSendRetry: All retry attempts failed for unknown after 1 attempt(s): PikSend.lrplugin/tests/test_retry_properties.lua:124: Always fail
[2026-01-30 15:00:55] [WARN] PikSendRetry: Attempt 1/1 failed for unknown: PikSend.lrplugin/tests/test_retry_properties.lua:124: Always fail
[2026-01-30 15:00:55] [ERROR] PikSendRetry: All retry attempts failed for unknown after 1 attempt(s): PikSend.lrplugin/tests/test_retry_properties.lua:124: Always fail
[2026-01-30 15:00:55] [WARN] PikSendRetry: Attempt 1/5 failed for unknown: PikSend.lrplugin/tests/test_retry_properties.lua:124: Always fail
[2026-01-30 15:00:55] [INFO] PikSendRetry: Retrying unknown (attempt 1/4)
[2026-01-30 15:00:55] [WARN] PikSendRetry: Attempt 2/5 failed for unknown: PikSend.lrplugin/tests/test_retry_properties.lua:124: Always fail
[2026-01-30 15:00:55] [INFO] PikSendRetry: Retrying unknown (attempt 2/4)
[2026-01-30 15:00:55] [WARN] PikSendRetry: Attempt 3/5 failed for unknown: PikSend.lrplugin/tests/test_retry_properties.lua:124: Always fail
[2026-01-30 15:00:55] [INFO] PikSendRetry: Retrying unknown (attempt 3/4)
[2026-01-30 15:00:55] [WARN] PikSendRetry: Attempt 4/5 failed for unknown: PikSend.lrplugin/tests/test_retry_properties.lua:124: Always fail
[2026-01-30 15:00:55] [INFO] PikSendRetry: Retrying unknown (attempt 4/4)
[2026-01-30 15:00:55] [WARN] PikSendRetry: Attempt 5/5 failed for unknown: PikSend.lrplugin/tests/test_retry_properties.lua:124: Always fail
[2026-01-30 15:00:55] [ERROR] PikSendRetry: All retry attempts failed for unknown after 5 attempt(s): PikSend.lrplugin/tests/test_retry_properties.lua:124: Always fail
[2026-01-30 15:00:55] [WARN] PikSendRetry: Attempt 1/3 failed for unknown: PikSend.lrplugin/tests/test_retry_properties.lua:124: Always fail
[2026-01-30 15:00:55] [INFO] PikSendRetry: Retrying unknown (attempt 1/2)
[2026-01-30 15:00:55] [WARN] PikSendRetry: Attempt 2/3 failed for unknown: PikSend.lrplugin/tests/test_retry_properties.lua:124: Always fail
[2026-01-30 15:00:55] [INFO] PikSendRetry: Retrying unknown (attempt 2/2)
[2026-01-30 15:00:55] [WARN] PikSendRetry: Attempt 3/3 failed for unknown: PikSend.lrplugin/tests/test_retry_properties.lua:124: Always fail
[2026-01-30 15:00:55] [ERROR] PikSendRetry: All retry attempts failed for unknown after 3 attempt(s): PikSend.lrplugin/tests/test_retry_properties.lua:124: Always fail
[2026-01-30 15:00:55] [WARN] PikSendRetry: Attempt 1/1 failed for unknown: PikSend.lrplugin/tests/test_retry_properties.lua:124: Always fail
[2026-01-30 15:00:55] [ERROR] PikSendRetry: All retry attempts failed for unknown after 1 attempt(s): PikSend.lrplugin/tests/test_retry_properties.lua:124: Always fail
[2026-01-30 15:00:55] [WARN] PikSendRetry: Attempt 1/1 failed for unknown: PikSend.lrplugin/tests/test_retry_properties.lua:124: Always fail
[2026-01-30 15:00:55] [ERROR] PikSendRetry: All retry attempts failed for unknown after 1 attempt(s): PikSend.lrplugin/tests/test_retry_properties.lua:124: Always fail
[2026-01-30 15:00:55] [WARN] PikSendRetry: Attempt 1/6 failed for unknown: PikSend.lrplugin/tests/test_retry_properties.lua:124: Always fail
[2026-01-30 15:00:55] [INFO] PikSendRetry: Retrying unknown (attempt 1/5)
[2026-01-30 15:00:55] [WARN] PikSendRetry: Attempt 2/6 failed for unknown: PikSend.lrplugin/tests/test_retry_properties.lua:124: Always fail
[2026-01-30 15:00:55] [INFO] PikSendRetry: Retrying unknown (attempt 2/5)
[2026-01-30 15:00:55] [WARN] PikSendRetry: Attempt 3/6 failed for unknown: PikSend.lrplugin/tests/test_retry_properties.lua:124: Always fail
[2026-01-30 15:00:55] [INFO] PikSendRetry: Retrying unknown (attempt 3/5)
[2026-01-30 15:00:55] [WARN] PikSendRetry: Attempt 4/6 failed for unknown: PikSend.lrplugin/tests/test_retry_properties.lua:124: Always fail
[2026-01-30 15:00:55] [INFO] PikSendRetry: Retrying unknown (attempt 4/5)
[2026-01-30 15:00:55] [WARN] PikSendRetry: Attempt 5/6 failed for unknown: PikSend.lrplugin/tests/test_retry_properties.lua:124: Always fail
[2026-01-30 15:00:55] [INFO] PikSendRetry: Retrying unknown (attempt 5/5)
[2026-01-30 15:00:55] [WARN] PikSendRetry: Attempt 6/6 failed for unknown: PikSend.lrplugin/tests/test_retry_properties.lua:124: Always fail
[2026-01-30 15:00:55] [ERROR] PikSendRetry: All retry attempts failed for unknown after 6 attempt(s): PikSend.lrplugin/tests/test_retry_properties.lua:124: Always fail
[2026-01-30 15:00:55] [WARN] PikSendRetry: Attempt 1/6 failed for unknown: PikSend.lrplugin/tests/test_retry_properties.lua:124: Always fail
[2026-01-30 15:00:55] [INFO] PikSendRetry: Retrying unknown (attempt 1/5)
[2026-01-30 15:00:55] [WARN] PikSendRetry: Attempt 2/6 failed for unknown: PikSend.lrplugin/tests/test_retry_properties.lua:124: Always fail
[2026-01-30 15:00:55] [INFO] PikSendRetry: Retrying unknown (attempt 2/5)
[2026-01-30 15:00:55] [WARN] PikSendRetry: Attempt 3/6 failed for unknown: PikSend.lrplugin/tests/test_retry_properties.lua:124: Always fail
[2026-01-30 15:00:55] [INFO] PikSendRetry: Retrying unknown (attempt 3/5)
[2026-01-30 15:00:55] [WARN] PikSendRetry: Attempt 4/6 failed for unknown: PikSend.lrplugin/tests/test_retry_properties.lua:124: Always fail
[2026-01-30 15:00:55] [INFO] PikSendRetry: Retrying unknown (attempt 4/5)
[2026-01-30 15:00:55] [WARN] PikSendRetry: Attempt 5/6 failed for unknown: PikSend.lrplugin/tests/test_retry_properties.lua:124: Always fail
[2026-01-30 15:00:55] [INFO] PikSendRetry: Retrying unknown (attempt 5/5)
[2026-01-30 15:00:55] [WARN] PikSendRetry: Attempt 6/6 failed for unknown: PikSend.lrplugin/tests/test_retry_properties.lua:124: Always fail
[2026-01-30 15:00:55] [ERROR] PikSendRetry: All retry attempts failed for unknown after 6 attempt(s): PikSend.lrplugin/tests/test_retry_properties.lua:124: Always fail
[2026-01-30 15:00:55] [WARN] PikSendRetry: Attempt 1/6 failed for unknown: PikSend.lrplugin/tests/test_retry_properties.lua:124: Always fail
[2026-01-30 15:00:55] [INFO] PikSendRetry: Retrying unknown (attempt 1/5)
[2026-01-30 15:00:55] [WARN] PikSendRetry: Attempt 2/6 failed for unknown: PikSend.lrplugin/tests/test_retry_properties.lua:124: Always fail
[2026-01-30 15:00:55] [INFO] PikSendRetry: Retrying unknown (attempt 2/5)
[2026-01-30 15:00:55] [WARN] PikSendRetry: Attempt 3/6 failed for unknown: PikSend.lrplugin/tests/test_retry_properties.lua:124: Always fail
[2026-01-30 15:00:55] [INFO] PikSendRetry: Retrying unknown (attempt 3/5)
[2026-01-30 15:00:55] [WARN] PikSendRetry: Attempt 4/6 failed for unknown: PikSend.lrplugin/tests/test_retry_properties.lua:124: Always fail
[2026-01-30 15:00:55] [INFO] PikSendRetry: Retrying unknown (attempt 4/5)
[2026-01-30 15:00:55] [WARN] PikSendRetry: Attempt 5/6 failed for unknown: PikSend.lrplugin/tests/test_retry_properties.lua:124: Always fail
[2026-01-30 15:00:55] [INFO] PikSendRetry: Retrying unknown (attempt 5/5)
[2026-01-30 15:00:55] [WARN] PikSendRetry: Attempt 6/6 failed for unknown: PikSend.lrplugin/tests/test_retry_properties.lua:124: Always fail
[2026-01-30 15:00:55] [ERROR] PikSendRetry: All retry attempts failed for unknown after 6 attempt(s): PikSend.lrplugin/tests/test_retry_properties.lua:124: Always fail
[2026-01-30 15:00:55] [WARN] PikSendRetry: Attempt 1/2 failed for unknown: PikSend.lrplugin/tests/test_retry_properties.lua:124: Always fail
[2026-01-30 15:00:55] [INFO] PikSendRetry: Retrying unknown (attempt 1/1)
[2026-01-30 15:00:55] [WARN] PikSendRetry: Attempt 2/2 failed for unknown: PikSend.lrplugin/tests/test_retry_properties.lua:124: Always fail
[2026-01-30 15:00:55] [ERROR] PikSendRetry: All retry attempts failed for unknown after 2 attempt(s): PikSend.lrplugin/tests/test_retry_properties.lua:124: Always fail
[2026-01-30 15:00:55] [WARN] PikSendRetry: Attempt 1/6 failed for unknown: PikSend.lrplugin/tests/test_retry_properties.lua:124: Always fail
[2026-01-30 15:00:55] [INFO] PikSendRetry: Retrying unknown (attempt 1/5)
[2026-01-30 15:00:55] [WARN] PikSendRetry: Attempt 2/6 failed for unknown: PikSend.lrplugin/tests/test_retry_properties.lua:124: Always fail
[2026-01-30 15:00:55] [INFO] PikSendRetry: Retrying unknown (attempt 2/5)
[2026-01-30 15:00:55] [WARN] PikSendRetry: Attempt 3/6 failed for unknown: PikSend.lrplugin/tests/test_retry_properties.lua:124: Always fail
[2026-01-30 15:00:55] [INFO] PikSendRetry: Retrying unknown (attempt 3/5)
[2026-01-30 15:00:55] [WARN] PikSendRetry: Attempt 4/6 failed for unknown: PikSend.lrplugin/tests/test_retry_properties.lua:124: Always fail
[2026-01-30 15:00:55] [INFO] PikSendRetry: Retrying unknown (attempt 4/5)
[2026-01-30 15:00:55] [WARN] PikSendRetry: Attempt 5/6 failed for unknown: PikSend.lrplugin/tests/test_retry_properties.lua:124: Always fail
[2026-01-30 15:00:55] [INFO] PikSendRetry: Retrying unknown (attempt 5/5)
[2026-01-30 15:00:55] [WARN] PikSendRetry: Attempt 6/6 failed for unknown: PikSend.lrplugin/tests/test_retry_properties.lua:124: Always fail
[2026-01-30 15:00:55] [ERROR] PikSendRetry: All retry attempts failed for unknown after 6 attempt(s): PikSend.lrplugin/tests/test_retry_properties.lua:124: Always fail
[2026-01-30 15:00:55] [WARN] PikSendRetry: Attempt 1/1 failed for unknown: PikSend.lrplugin/tests/test_retry_properties.lua:124: Always fail
[2026-01-30 15:00:55] [ERROR] PikSendRetry: All retry attempts failed for unknown after 1 attempt(s): PikSend.lrplugin/tests/test_retry_properties.lua:124: Always fail
[2026-01-30 15:00:55] [WARN] PikSendRetry: Attempt 1/6 failed for unknown: PikSend.lrplugin/tests/test_retry_properties.lua:124: Always fail
[2026-01-30 15:00:55] [INFO] PikSendRetry: Retrying unknown (attempt 1/5)
[2026-01-30 15:00:55] [WARN] PikSendRetry: Attempt 2/6 failed for unknown: PikSend.lrplugin/tests/test_retry_properties.lua:124: Always fail
[2026-01-30 15:00:55] [INFO] PikSendRetry: Retrying unknown (attempt 2/5)
[2026-01-30 15:00:55] [WARN] PikSendRetry: Attempt 3/6 failed for unknown: PikSend.lrplugin/tests/test_retry_properties.lua:124: Always fail
[2026-01-30 15:00:55] [INFO] PikSendRetry: Retrying unknown (attempt 3/5)
[2026-01-30 15:00:55] [WARN] PikSendRetry: Attempt 4/6 failed for unknown: PikSend.lrplugin/tests/test_retry_properties.lua:124: Always fail
[2026-01-30 15:00:55] [INFO] PikSendRetry: Retrying unknown (attempt 4/5)
[2026-01-30 15:00:55] [WARN] PikSendRetry: Attempt 5/6 failed for unknown: PikSend.lrplugin/tests/test_retry_properties.lua:124: Always fail
[2026-01-30 15:00:55] [INFO] PikSendRetry: Retrying unknown (attempt 5/5)
[2026-01-30 15:00:55] [WARN] PikSendRetry: Attempt 6/6 failed for unknown: PikSend.lrplugin/tests/test_retry_properties.lua:124: Always fail
[2026-01-30 15:00:55] [ERROR] PikSendRetry: All retry attempts failed for unknown after 6 attempt(s): PikSend.lrplugin/tests/test_retry_properties.lua:124: Always fail
[2026-01-30 15:00:55] [WARN] PikSendRetry: Attempt 1/5 failed for unknown: PikSend.lrplugin/tests/test_retry_properties.lua:124: Always fail
[2026-01-30 15:00:55] [INFO] PikSendRetry: Retrying unknown (attempt 1/4)
[2026-01-30 15:00:55] [WARN] PikSendRetry: Attempt 2/5 failed for unknown: PikSend.lrplugin/tests/test_retry_properties.lua:124: Always fail
[2026-01-30 15:00:55] [INFO] PikSendRetry: Retrying unknown (attempt 2/4)
[2026-01-30 15:00:55] [WARN] PikSendRetry: Attempt 3/5 failed for unknown: PikSend.lrplugin/tests/test_retry_properties.lua:124: Always fail
[2026-01-30 15:00:55] [INFO] PikSendRetry: Retrying unknown (attempt 3/4)
[2026-01-30 15:00:55] [WARN] PikSendRetry: Attempt 4/5 failed for unknown: PikSend.lrplugin/tests/test_retry_properties.lua:124: Always fail
[2026-01-30 15:00:55] [INFO] PikSendRetry: Retrying unknown (attempt 4/4)
[2026-01-30 15:00:55] [WARN] PikSendRetry: Attempt 5/5 failed for unknown: PikSend.lrplugin/tests/test_retry_properties.lua:124: Always fail
[2026-01-30 15:00:55] [ERROR] PikSendRetry: All retry attempts failed for unknown after 5 attempt(s): PikSend.lrplugin/tests/test_retry_properties.lua:124: Always fail
[2026-01-30 15:00:55] [WARN] PikSendRetry: Attempt 1/2 failed for unknown: PikSend.lrplugin/tests/test_retry_properties.lua:124: Always fail
[2026-01-30 15:00:55] [INFO] PikSendRetry: Retrying unknown (attempt 1/1)
[2026-01-30 15:00:55] [WARN] PikSendRetry: Attempt 2/2 failed for unknown: PikSend.lrplugin/tests/test_retry_properties.lua:124: Always fail
[2026-01-30 15:00:55] [ERROR] PikSendRetry: All retry attempts failed for unknown after 2 attempt(s): PikSend.lrplugin/tests/test_retry_properties.lua:124: Always fail
[2026-01-30 15:00:55] [WARN] PikSendRetry: Attempt 1/1 failed for unknown: PikSend.lrplugin/tests/test_retry_properties.lua:124: Always fail
[2026-01-30 15:00:55] [ERROR] PikSendRetry: All retry attempts failed for unknown after 1 attempt(s): PikSend.lrplugin/tests/test_retry_properties.lua:124: Always fail
[2026-01-30 15:00:55] [WARN] PikSendRetry: Attempt 1/1 failed for unknown: PikSend.lrplugin/tests/test_retry_properties.lua:124: Always fail
[2026-01-30 15:00:55] [ERROR] PikSendRetry: All retry attempts failed for unknown after 1 attempt(s): PikSend.lrplugin/tests/test_retry_properties.lua:124: Always fail
[2026-01-30 15:00:55] [WARN] PikSendRetry: Attempt 1/2 failed for unknown: PikSend.lrplugin/tests/test_retry_properties.lua:124: Always fail
[2026-01-30 15:00:55] [INFO] PikSendRetry: Retrying unknown (attempt 1/1)
[2026-01-30 15:00:55] [WARN] PikSendRetry: Attempt 2/2 failed for unknown: PikSend.lrplugin/tests/test_retry_properties.lua:124: Always fail
[2026-01-30 15:00:55] [ERROR] PikSendRetry: All retry attempts failed for unknown after 2 attempt(s): PikSend.lrplugin/tests/test_retry_properties.lua:124: Always fail
[2026-01-30 15:00:55] [WARN] PikSendRetry: Attempt 1/3 failed for unknown: PikSend.lrplugin/tests/test_retry_properties.lua:124: Always fail
[2026-01-30 15:00:55] [INFO] PikSendRetry: Retrying unknown (attempt 1/2)
[2026-01-30 15:00:55] [WARN] PikSendRetry: Attempt 2/3 failed for unknown: PikSend.lrplugin/tests/test_retry_properties.lua:124: Always fail
[2026-01-30 15:00:55] [INFO] PikSendRetry: Retrying unknown (attempt 2/2)
[2026-01-30 15:00:55] [WARN] PikSendRetry: Attempt 3/3 failed for unknown: PikSend.lrplugin/tests/test_retry_properties.lua:124: Always fail
[2026-01-30 15:00:55] [ERROR] PikSendRetry: All retry attempts failed for unknown after 3 attempt(s): PikSend.lrplugin/tests/test_retry_properties.lua:124: Always fail
[2026-01-30 15:00:55] [WARN] PikSendRetry: Attempt 1/6 failed for unknown: PikSend.lrplugin/tests/test_retry_properties.lua:124: Always fail
[2026-01-30 15:00:55] [INFO] PikSendRetry: Retrying unknown (attempt 1/5)
[2026-01-30 15:00:55] [WARN] PikSendRetry: Attempt 2/6 failed for unknown: PikSend.lrplugin/tests/test_retry_properties.lua:124: Always fail
[2026-01-30 15:00:55] [INFO] PikSendRetry: Retrying unknown (attempt 2/5)
[2026-01-30 15:00:55] [WARN] PikSendRetry: Attempt 3/6 failed for unknown: PikSend.lrplugin/tests/test_retry_properties.lua:124: Always fail
[2026-01-30 15:00:55] [INFO] PikSendRetry: Retrying unknown (attempt 3/5)
[2026-01-30 15:00:55] [WARN] PikSendRetry: Attempt 4/6 failed for unknown: PikSend.lrplugin/tests/test_retry_properties.lua:124: Always fail
[2026-01-30 15:00:55] [INFO] PikSendRetry: Retrying unknown (attempt 4/5)
[2026-01-30 15:00:55] [WARN] PikSendRetry: Attempt 5/6 failed for unknown: PikSend.lrplugin/tests/test_retry_properties.lua:124: Always fail
[2026-01-30 15:00:55] [INFO] PikSendRetry: Retrying unknown (attempt 5/5)
[2026-01-30 15:00:55] [WARN] PikSendRetry: Attempt 6/6 failed for unknown: PikSend.lrplugin/tests/test_retry_properties.lua:124: Always fail
[2026-01-30 15:00:55] [ERROR] PikSendRetry: All retry attempts failed for unknown after 6 attempt(s): PikSend.lrplugin/tests/test_retry_properties.lua:124: Always fail
[2026-01-30 15:00:55] [WARN] PikSendRetry: Attempt 1/1 failed for unknown: PikSend.lrplugin/tests/test_retry_properties.lua:124: Always fail
[2026-01-30 15:00:55] [ERROR] PikSendRetry: All retry attempts failed for unknown after 1 attempt(s): PikSend.lrplugin/tests/test_retry_properties.lua:124: Always fail
[2026-01-30 15:00:55] [WARN] PikSendRetry: Attempt 1/6 failed for unknown: PikSend.lrplugin/tests/test_retry_properties.lua:124: Always fail
[2026-01-30 15:00:55] [INFO] PikSendRetry: Retrying unknown (attempt 1/5)
[2026-01-30 15:00:55] [WARN] PikSendRetry: Attempt 2/6 failed for unknown: PikSend.lrplugin/tests/test_retry_properties.lua:124: Always fail
[2026-01-30 15:00:55] [INFO] PikSendRetry: Retrying unknown (attempt 2/5)
[2026-01-30 15:00:55] [WARN] PikSendRetry: Attempt 3/6 failed for unknown: PikSend.lrplugin/tests/test_retry_properties.lua:124: Always fail
[2026-01-30 15:00:55] [INFO] PikSendRetry: Retrying unknown (attempt 3/5)
[2026-01-30 15:00:55] [WARN] PikSendRetry: Attempt 4/6 failed for unknown: PikSend.lrplugin/tests/test_retry_properties.lua:124: Always fail
[2026-01-30 15:00:55] [INFO] PikSendRetry: Retrying unknown (attempt 4/5)
[2026-01-30 15:00:55] [WARN] PikSendRetry: Attempt 5/6 failed for unknown: PikSend.lrplugin/tests/test_retry_properties.lua:124: Always fail
[2026-01-30 15:00:55] [INFO] PikSendRetry: Retrying unknown (attempt 5/5)
[2026-01-30 15:00:55] [WARN] PikSendRetry: Attempt 6/6 failed for unknown: PikSend.lrplugin/tests/test_retry_properties.lua:124: Always fail
[2026-01-30 15:00:55] [ERROR] PikSendRetry: All retry attempts failed for unknown after 6 attempt(s): PikSend.lrplugin/tests/test_retry_properties.lua:124: Always fail
[2026-01-30 15:00:55] [WARN] PikSendRetry: Attempt 1/2 failed for unknown: PikSend.lrplugin/tests/test_retry_properties.lua:124: Always fail
[2026-01-30 15:00:55] [INFO] PikSendRetry: Retrying unknown (attempt 1/1)
[2026-01-30 15:00:55] [WARN] PikSendRetry: Attempt 2/2 failed for unknown: PikSend.lrplugin/tests/test_retry_properties.lua:124: Always fail
[2026-01-30 15:00:55] [ERROR] PikSendRetry: All retry attempts failed for unknown after 2 attempt(s): PikSend.lrplugin/tests/test_retry_properties.lua:124: Always fail
[2026-01-30 15:00:55] [WARN] PikSendRetry: Attempt 1/2 failed for unknown: PikSend.lrplugin/tests/test_retry_properties.lua:124: Always fail
[2026-01-30 15:00:55] [INFO] PikSendRetry: Retrying unknown (attempt 1/1)
[2026-01-30 15:00:55] [WARN] PikSendRetry: Attempt 2/2 failed for unknown: PikSend.lrplugin/tests/test_retry_properties.lua:124: Always fail
[2026-01-30 15:00:55] [ERROR] PikSendRetry: All retry attempts failed for unknown after 2 attempt(s): PikSend.lrplugin/tests/test_retry_properties.lua:124: Always fail
[2026-01-30 15:00:55] [WARN] PikSendRetry: Attempt 1/5 failed for unknown: PikSend.lrplugin/tests/test_retry_properties.lua:124: Always fail
[2026-01-30 15:00:55] [INFO] PikSendRetry: Retrying unknown (attempt 1/4)
[2026-01-30 15:00:55] [WARN] PikSendRetry: Attempt 2/5 failed for unknown: PikSend.lrplugin/tests/test_retry_properties.lua:124: Always fail
[2026-01-30 15:00:55] [INFO] PikSendRetry: Retrying unknown (attempt 2/4)
[2026-01-30 15:00:55] [WARN] PikSendRetry: Attempt 3/5 failed for unknown: PikSend.lrplugin/tests/test_retry_properties.lua:124: Always fail
[2026-01-30 15:00:55] [INFO] PikSendRetry: Retrying unknown (attempt 3/4)
[2026-01-30 15:00:55] [WARN] PikSendRetry: Attempt 4/5 failed for unknown: PikSend.lrplugin/tests/test_retry_properties.lua:124: Always fail
[2026-01-30 15:00:55] [INFO] PikSendRetry: Retrying unknown (attempt 4/4)
[2026-01-30 15:00:55] [WARN] PikSendRetry: Attempt 5/5 failed for unknown: PikSend.lrplugin/tests/test_retry_properties.lua:124: Always fail
[2026-01-30 15:00:55] [ERROR] PikSendRetry: All retry attempts failed for unknown after 5 attempt(s): PikSend.lrplugin/tests/test_retry_properties.lua:124: Always fail
[2026-01-30 15:00:55] [WARN] PikSendRetry: Attempt 1/1 failed for unknown: PikSend.lrplugin/tests/test_retry_properties.lua:124: Always fail
[2026-01-30 15:00:55] [ERROR] PikSendRetry: All retry attempts failed for unknown after 1 attempt(s): PikSend.lrplugin/tests/test_retry_properties.lua:124: Always fail
[2026-01-30 15:00:55] [WARN] PikSendRetry: Attempt 1/2 failed for unknown: PikSend.lrplugin/tests/test_retry_properties.lua:124: Always fail
[2026-01-30 15:00:55] [INFO] PikSendRetry: Retrying unknown (attempt 1/1)
[2026-01-30 15:00:55] [WARN] PikSendRetry: Attempt 2/2 failed for unknown: PikSend.lrplugin/tests/test_retry_properties.lua:124: Always fail
[2026-01-30 15:00:55] [ERROR] PikSendRetry: All retry attempts failed for unknown after 2 attempt(s): PikSend.lrplugin/tests/test_retry_properties.lua:124: Always fail
[2026-01-30 15:00:55] [WARN] PikSendRetry: Attempt 1/6 failed for unknown: PikSend.lrplugin/tests/test_retry_properties.lua:124: Always fail
[2026-01-30 15:00:55] [INFO] PikSendRetry: Retrying unknown (attempt 1/5)
[2026-01-30 15:00:55] [WARN] PikSendRetry: Attempt 2/6 failed for unknown: PikSend.lrplugin/tests/test_retry_properties.lua:124: Always fail
[2026-01-30 15:00:55] [INFO] PikSendRetry: Retrying unknown (attempt 2/5)
[2026-01-30 15:00:55] [WARN] PikSendRetry: Attempt 3/6 failed for unknown: PikSend.lrplugin/tests/test_retry_properties.lua:124: Always fail
[2026-01-30 15:00:55] [INFO] PikSendRetry: Retrying unknown (attempt 3/5)
[2026-01-30 15:00:55] [WARN] PikSendRetry: Attempt 4/6 failed for unknown: PikSend.lrplugin/tests/test_retry_properties.lua:124: Always fail
[2026-01-30 15:00:55] [INFO] PikSendRetry: Retrying unknown (attempt 4/5)
[2026-01-30 15:00:55] [WARN] PikSendRetry: Attempt 5/6 failed for unknown: PikSend.lrplugin/tests/test_retry_properties.lua:124: Always fail
[2026-01-30 15:00:55] [INFO] PikSendRetry: Retrying unknown (attempt 5/5)
[2026-01-30 15:00:55] [WARN] PikSendRetry: Attempt 6/6 failed for unknown: PikSend.lrplugin/tests/test_retry_properties.lua:124: Always fail
[2026-01-30 15:00:55] [ERROR] PikSendRetry: All retry attempts failed for unknown after 6 attempt(s): PikSend.lrplugin/tests/test_retry_properties.lua:124: Always fail
[2026-01-30 15:00:55] [WARN] PikSendRetry: Attempt 1/6 failed for unknown: PikSend.lrplugin/tests/test_retry_properties.lua:124: Always fail
[2026-01-30 15:00:55] [INFO] PikSendRetry: Retrying unknown (attempt 1/5)
[2026-01-30 15:00:55] [WARN] PikSendRetry: Attempt 2/6 failed for unknown: PikSend.lrplugin/tests/test_retry_properties.lua:124: Always fail
[2026-01-30 15:00:55] [INFO] PikSendRetry: Retrying unknown (attempt 2/5)
[2026-01-30 15:00:55] [WARN] PikSendRetry: Attempt 3/6 failed for unknown: PikSend.lrplugin/tests/test_retry_properties.lua:124: Always fail
[2026-01-30 15:00:55] [INFO] PikSendRetry: Retrying unknown (attempt 3/5)
[2026-01-30 15:00:55] [WARN] PikSendRetry: Attempt 4/6 failed for unknown: PikSend.lrplugin/tests/test_retry_properties.lua:124: Always fail
[2026-01-30 15:00:55] [INFO] PikSendRetry: Retrying unknown (attempt 4/5)
[2026-01-30 15:00:55] [WARN] PikSendRetry: Attempt 5/6 failed for unknown: PikSend.lrplugin/tests/test_retry_properties.lua:124: Always fail
[2026-01-30 15:00:55] [INFO] PikSendRetry: Retrying unknown (attempt 5/5)
[2026-01-30 15:00:55] [WARN] PikSendRetry: Attempt 6/6 failed for unknown: PikSend.lrplugin/tests/test_retry_properties.lua:124: Always fail
[2026-01-30 15:00:55] [ERROR] PikSendRetry: All retry attempts failed for unknown after 6 attempt(s): PikSend.lrplugin/tests/test_retry_properties.lua:124: Always fail
[2026-01-30 15:00:55] [WARN] PikSendRetry: Attempt 1/2 failed for unknown: PikSend.lrplugin/tests/test_retry_properties.lua:124: Always fail
[2026-01-30 15:00:55] [INFO] PikSendRetry: Retrying unknown (attempt 1/1)
[2026-01-30 15:00:55] [WARN] PikSendRetry: Attempt 2/2 failed for unknown: PikSend.lrplugin/tests/test_retry_properties.lua:124: Always fail
[2026-01-30 15:00:55] [ERROR] PikSendRetry: All retry attempts failed for unknown after 2 attempt(s): PikSend.lrplugin/tests/test_retry_properties.lua:124: Always fail
[2026-01-30 15:00:55] [WARN] PikSendRetry: Attempt 1/6 failed for unknown: PikSend.lrplugin/tests/test_retry_properties.lua:124: Always fail
[2026-01-30 15:00:55] [INFO] PikSendRetry: Retrying unknown (attempt 1/5)
[2026-01-30 15:00:55] [WARN] PikSendRetry: Attempt 2/6 failed for unknown: PikSend.lrplugin/tests/test_retry_properties.lua:124: Always fail
[2026-01-30 15:00:55] [INFO] PikSendRetry: Retrying unknown (attempt 2/5)
[2026-01-30 15:00:55] [WARN] PikSendRetry: Attempt 3/6 failed for unknown: PikSend.lrplugin/tests/test_retry_properties.lua:124: Always fail
[2026-01-30 15:00:55] [INFO] PikSendRetry: Retrying unknown (attempt 3/5)
[2026-01-30 15:00:55] [WARN] PikSendRetry: Attempt 4/6 failed for unknown: PikSend.lrplugin/tests/test_retry_properties.lua:124: Always fail
[2026-01-30 15:00:55] [INFO] PikSendRetry: Retrying unknown (attempt 4/5)
[2026-01-30 15:00:55] [WARN] PikSendRetry: Attempt 5/6 failed for unknown: PikSend.lrplugin/tests/test_retry_properties.lua:124: Always fail
[2026-01-30 15:00:55] [INFO] PikSendRetry: Retrying unknown (attempt 5/5)
[2026-01-30 15:00:55] [WARN] PikSendRetry: Attempt 6/6 failed for unknown: PikSend.lrplugin/tests/test_retry_properties.lua:124: Always fail
[2026-01-30 15:00:55] [ERROR] PikSendRetry: All retry attempts failed for unknown after 6 attempt(s): PikSend.lrplugin/tests/test_retry_properties.lua:124: Always fail
[2026-01-30 15:00:55] [WARN] PikSendRetry: Attempt 1/1 failed for unknown: PikSend.lrplugin/tests/test_retry_properties.lua:124: Always fail
[2026-01-30 15:00:55] [ERROR] PikSendRetry: All retry attempts failed for unknown after 1 attempt(s): PikSend.lrplugin/tests/test_retry_properties.lua:124: Always fail
[2026-01-30 15:00:55] [WARN] PikSendRetry: Attempt 1/2 failed for unknown: PikSend.lrplugin/tests/test_retry_properties.lua:124: Always fail
[2026-01-30 15:00:55] [INFO] PikSendRetry: Retrying unknown (attempt 1/1)
[2026-01-30 15:00:55] [WARN] PikSendRetry: Attempt 2/2 failed for unknown: PikSend.lrplugin/tests/test_retry_properties.lua:124: Always fail
[2026-01-30 15:00:55] [ERROR] PikSendRetry: All retry attempts failed for unknown after 2 attempt(s): PikSend.lrplugin/tests/test_retry_properties.lua:124: Always fail
[2026-01-30 15:00:55] [WARN] PikSendRetry: Attempt 1/11 failed for unknown: PikSend.lrplugin/tests/test_retry_properties.lua:312: Not yet
[2026-01-30 15:00:55] [INFO] PikSendRetry: Retrying unknown (attempt 1/10)
[2026-01-30 15:00:55] [INFO] PikSendRetry: Retry successful for unknown after 1 attempt(s)
[2026-01-30 15:00:55] [WARN] PikSendRetry: Attempt 1/11 failed for unknown: PikSend.lrplugin/tests/test_retry_properties.lua:312: Not yet
[2026-01-30 15:00:55] [INFO] PikSendRetry: Retrying unknown (attempt 1/10)
[2026-01-30 15:00:55] [WARN] PikSendRetry: Attempt 2/11 failed for unknown: PikSend.lrplugin/tests/test_retry_properties.lua:312: Not yet
[2026-01-30 15:00:55] [INFO] PikSendRetry: Retrying unknown (attempt 2/10)
[2026-01-30 15:00:55] [WARN] PikSendRetry: Attempt 3/11 failed for unknown: PikSend.lrplugin/tests/test_retry_properties.lua:312: Not yet
[2026-01-30 15:00:55] [INFO] PikSendRetry: Retrying unknown (attempt 3/10)
[2026-01-30 15:00:55] [WARN] PikSendRetry: Attempt 4/11 failed for unknown: PikSend.lrplugin/tests/test_retry_properties.lua:312: Not yet
[2026-01-30 15:00:55] [INFO] PikSendRetry: Retrying unknown (attempt 4/10)
[2026-01-30 15:00:55] [INFO] PikSendRetry: Retry successful for unknown after 4 attempt(s)
[2026-01-30 15:00:55] [WARN] PikSendRetry: Attempt 1/11 failed for unknown: PikSend.lrplugin/tests/test_retry_properties.lua:312: Not yet
[2026-01-30 15:00:55] [INFO] PikSendRetry: Retrying unknown (attempt 1/10)
[2026-01-30 15:00:55] [WARN] PikSendRetry: Attempt 2/11 failed for unknown: PikSend.lrplugin/tests/test_retry_properties.lua:312: Not yet
[2026-01-30 15:00:55] [INFO] PikSendRetry: Retrying unknown (attempt 2/10)
[2026-01-30 15:00:55] [WARN] PikSendRetry: Attempt 3/11 failed for unknown: PikSend.lrplugin/tests/test_retry_properties.lua:312: Not yet
[2026-01-30 15:00:55] [INFO] PikSendRetry: Retrying unknown (attempt 3/10)
[2026-01-30 15:00:55] [WARN] PikSendRetry: Attempt 4/11 failed for unknown: PikSend.lrplugin/tests/test_retry_properties.lua:312: Not yet
[2026-01-30 15:00:55] [INFO] PikSendRetry: Retrying unknown (attempt 4/10)
[2026-01-30 15:00:55] [INFO] PikSendRetry: Retry successful for unknown after 4 attempt(s)
[2026-01-30 15:00:55] [WARN] PikSendRetry: Attempt 1/11 failed for unknown: PikSend.lrplugin/tests/test_retry_properties.lua:312: Not yet
[2026-01-30 15:00:55] [INFO] PikSendRetry: Retrying unknown (attempt 1/10)
[2026-01-30 15:00:55] [INFO] PikSendRetry: Retry successful for unknown after 1 attempt(s)
[2026-01-30 15:00:55] [WARN] PikSendRetry: Attempt 1/11 failed for unknown: PikSend.lrplugin/tests/test_retry_properties.lua:312: Not yet
[2026-01-30 15:00:55] [INFO] PikSendRetry: Retrying unknown (attempt 1/10)
[2026-01-30 15:00:55] [WARN] PikSendRetry: Attempt 2/11 failed for unknown: PikSend.lrplugin/tests/test_retry_properties.lua:312: Not yet
[2026-01-30 15:00:55] [INFO] PikSendRetry: Retrying unknown (attempt 2/10)
[2026-01-30 15:00:55] [WARN] PikSendRetry: Attempt 3/11 failed for unknown: PikSend.lrplugin/tests/test_retry_properties.lua:312: Not yet
[2026-01-30 15:00:55] [INFO] PikSendRetry: Retrying unknown (attempt 3/10)
[2026-01-30 15:00:55] [INFO] PikSendRetry: Retry successful for unknown after 3 attempt(s)
[2026-01-30 15:00:55] [WARN] PikSendRetry: Attempt 1/11 failed for unknown: PikSend.lrplugin/tests/test_retry_properties.lua:312: Not yet
[2026-01-30 15:00:55] [INFO] PikSendRetry: Retrying unknown (attempt 1/10)
[2026-01-30 15:00:55] [WARN] PikSendRetry: Attempt 2/11 failed for unknown: PikSend.lrplugin/tests/test_retry_properties.lua:312: Not yet
[2026-01-30 15:00:55] [INFO] PikSendRetry: Retrying unknown (attempt 2/10)
[2026-01-30 15:00:55] [INFO] PikSendRetry: Retry successful for unknown after 2 attempt(s)
[2026-01-30 15:00:55] [WARN] PikSendRetry: Attempt 1/11 failed for unknown: PikSend.lrplugin/tests/test_retry_properties.lua:312: Not yet
[2026-01-30 15:00:55] [INFO] PikSendRetry: Retrying unknown (attempt 1/10)
[2026-01-30 15:00:55] [WARN] PikSendRetry: Attempt 2/11 failed for unknown: PikSend.lrplugin/tests/test_retry_properties.lua:312: Not yet
[2026-01-30 15:00:55] [INFO] PikSendRetry: Retrying unknown (attempt 2/10)
[2026-01-30 15:00:55] [WARN] PikSendRetry: Attempt 3/11 failed for unknown: PikSend.lrplugin/tests/test_retry_properties.lua:312: Not yet
[2026-01-30 15:00:55] [INFO] PikSendRetry: Retrying unknown (attempt 3/10)
[2026-01-30 15:00:55] [INFO] PikSendRetry: Retry successful for unknown after 3 attempt(s)
[2026-01-30 15:00:55] [WARN] PikSendRetry: Attempt 1/11 failed for unknown: PikSend.lrplugin/tests/test_retry_properties.lua:312: Not yet
[2026-01-30 15:00:55] [INFO] PikSendRetry: Retrying unknown (attempt 1/10)
[2026-01-30 15:00:55] [INFO] PikSendRetry: Retry successful for unknown after 1 attempt(s)
[2026-01-30 15:00:55] [WARN] PikSendRetry: Attempt 1/11 failed for unknown: PikSend.lrplugin/tests/test_retry_properties.lua:312: Not yet
[2026-01-30 15:00:55] [INFO] PikSendRetry: Retrying unknown (attempt 1/10)
[2026-01-30 15:00:55] [WARN] PikSendRetry: Attempt 2/11 failed for unknown: PikSend.lrplugin/tests/test_retry_properties.lua:312: Not yet
[2026-01-30 15:00:55] [INFO] PikSendRetry: Retrying unknown (attempt 2/10)
[2026-01-30 15:00:55] [WARN] PikSendRetry: Attempt 3/11 failed for unknown: PikSend.lrplugin/tests/test_retry_properties.lua:312: Not yet
[2026-01-30 15:00:55] [INFO] PikSendRetry: Retrying unknown (attempt 3/10)
[2026-01-30 15:00:55] [INFO] PikSendRetry: Retry successful for unknown after 3 attempt(s)
[2026-01-30 15:00:55] [WARN] PikSendRetry: Attempt 1/11 failed for unknown: PikSend.lrplugin/tests/test_retry_properties.lua:312: Not yet
[2026-01-30 15:00:55] [INFO] PikSendRetry: Retrying unknown (attempt 1/10)
[2026-01-30 15:00:55] [WARN] PikSendRetry: Attempt 2/11 failed for unknown: PikSend.lrplugin/tests/test_retry_properties.lua:312: Not yet
[2026-01-30 15:00:55] [INFO] PikSendRetry: Retrying unknown (attempt 2/10)
[2026-01-30 15:00:55] [WARN] PikSendRetry: Attempt 3/11 failed for unknown: PikSend.lrplugin/tests/test_retry_properties.lua:312: Not yet
[2026-01-30 15:00:55] [INFO] PikSendRetry: Retrying unknown (attempt 3/10)
[2026-01-30 15:00:55] [WARN] PikSendRetry: Attempt 4/11 failed for unknown: PikSend.lrplugin/tests/test_retry_properties.lua:312: Not yet
[2026-01-30 15:00:55] [INFO] PikSendRetry: Retrying unknown (attempt 4/10)
[2026-01-30 15:00:55] [INFO] PikSendRetry: Retry successful for unknown after 4 attempt(s)
[2026-01-30 15:00:55] [WARN] PikSendRetry: Attempt 1/11 failed for unknown: PikSend.lrplugin/tests/test_retry_properties.lua:312: Not yet
[2026-01-30 15:00:55] [INFO] PikSendRetry: Retrying unknown (attempt 1/10)
[2026-01-30 15:00:55] [WARN] PikSendRetry: Attempt 2/11 failed for unknown: PikSend.lrplugin/tests/test_retry_properties.lua:312: Not yet
[2026-01-30 15:00:55] [INFO] PikSendRetry: Retrying unknown (attempt 2/10)
[2026-01-30 15:00:55] [WARN] PikSendRetry: Attempt 3/11 failed for unknown: PikSend.lrplugin/tests/test_retry_properties.lua:312: Not yet
[2026-01-30 15:00:55] [INFO] PikSendRetry: Retrying unknown (attempt 3/10)
[2026-01-30 15:00:55] [WARN] PikSendRetry: Attempt 4/11 failed for unknown: PikSend.lrplugin/tests/test_retry_properties.lua:312: Not yet
[2026-01-30 15:00:55] [INFO] PikSendRetry: Retrying unknown (attempt 4/10)
[2026-01-30 15:00:55] [INFO] PikSendRetry: Retry successful for unknown after 4 attempt(s)
[2026-01-30 15:00:55] [WARN] PikSendRetry: Attempt 1/11 failed for unknown: PikSend.lrplugin/tests/test_retry_properties.lua:312: Not yet
[2026-01-30 15:00:55] [INFO] PikSendRetry: Retrying unknown (attempt 1/10)
[2026-01-30 15:00:55] [WARN] PikSendRetry: Attempt 2/11 failed for unknown: PikSend.lrplugin/tests/test_retry_properties.lua:312: Not yet
[2026-01-30 15:00:55] [INFO] PikSendRetry: Retrying unknown (attempt 2/10)
[2026-01-30 15:00:55] [WARN] PikSendRetry: Attempt 3/11 failed for unknown: PikSend.lrplugin/tests/test_retry_properties.lua:312: Not yet
[2026-01-30 15:00:55] [INFO] PikSendRetry: Retrying unknown (attempt 3/10)
[2026-01-30 15:00:55] [WARN] PikSendRetry: Attempt 4/11 failed for unknown: PikSend.lrplugin/tests/test_retry_properties.lua:312: Not yet
[2026-01-30 15:00:55] [INFO] PikSendRetry: Retrying unknown (attempt 4/10)
[2026-01-30 15:00:55] [INFO] PikSendRetry: Retry successful for unknown after 4 attempt(s)
[2026-01-30 15:00:55] [WARN] PikSendRetry: Attempt 1/11 failed for unknown: PikSend.lrplugin/tests/test_retry_properties.lua:312: Not yet
[2026-01-30 15:00:55] [INFO] PikSendRetry: Retrying unknown (attempt 1/10)
[2026-01-30 15:00:55] [WARN] PikSendRetry: Attempt 2/11 failed for unknown: PikSend.lrplugin/tests/test_retry_properties.lua:312: Not yet
[2026-01-30 15:00:55] [INFO] PikSendRetry: Retrying unknown (attempt 2/10)
[2026-01-30 15:00:55] [WARN] PikSendRetry: Attempt 3/11 failed for unknown: PikSend.lrplugin/tests/test_retry_properties.lua:312: Not yet
[2026-01-30 15:00:55] [INFO] PikSendRetry: Retrying unknown (attempt 3/10)
[2026-01-30 15:00:55] [INFO] PikSendRetry: Retry successful for unknown after 3 attempt(s)
[2026-01-30 15:00:55] [WARN] PikSendRetry: Attempt 1/11 failed for unknown: PikSend.lrplugin/tests/test_retry_properties.lua:312: Not yet
[2026-01-30 15:00:55] [INFO] PikSendRetry: Retrying unknown (attempt 1/10)
[2026-01-30 15:00:55] [WARN] PikSendRetry: Attempt 2/11 failed for unknown: PikSend.lrplugin/tests/test_retry_properties.lua:312: Not yet
[2026-01-30 15:00:55] [INFO] PikSendRetry: Retrying unknown (attempt 2/10)
[2026-01-30 15:00:55] [WARN] PikSendRetry: Attempt 3/11 failed for unknown: PikSend.lrplugin/tests/test_retry_properties.lua:312: Not yet
[2026-01-30 15:00:55] [INFO] PikSendRetry: Retrying unknown (attempt 3/10)
[2026-01-30 15:00:55] [INFO] PikSendRetry: Retry successful for unknown after 3 attempt(s)
[2026-01-30 15:00:55] [WARN] PikSendRetry: Attempt 1/11 failed for unknown: PikSend.lrplugin/tests/test_retry_properties.lua:312: Not yet
[2026-01-30 15:00:55] [INFO] PikSendRetry: Retrying unknown (attempt 1/10)
[2026-01-30 15:00:55] [WARN] PikSendRetry: Attempt 2/11 failed for unknown: PikSend.lrplugin/tests/test_retry_properties.lua:312: Not yet
[2026-01-30 15:00:55] [INFO] PikSendRetry: Retrying unknown (attempt 2/10)
[2026-01-30 15:00:55] [WARN] PikSendRetry: Attempt 3/11 failed for unknown: PikSend.lrplugin/tests/test_retry_properties.lua:312: Not yet
[2026-01-30 15:00:55] [INFO] PikSendRetry: Retrying unknown (attempt 3/10)
[2026-01-30 15:00:55] [INFO] PikSendRetry: Retry successful for unknown after 3 attempt(s)
[2026-01-30 15:00:55] [WARN] PikSendRetry: Attempt 1/11 failed for unknown: PikSend.lrplugin/tests/test_retry_properties.lua:312: Not yet
[2026-01-30 15:00:55] [INFO] PikSendRetry: Retrying unknown (attempt 1/10)
[2026-01-30 15:00:55] [WARN] PikSendRetry: Attempt 2/11 failed for unknown: PikSend.lrplugin/tests/test_retry_properties.lua:312: Not yet
[2026-01-30 15:00:55] [INFO] PikSendRetry: Retrying unknown (attempt 2/10)
[2026-01-30 15:00:55] [WARN] PikSendRetry: Attempt 3/11 failed for unknown: PikSend.lrplugin/tests/test_retry_properties.lua:312: Not yet
[2026-01-30 15:00:55] [INFO] PikSendRetry: Retrying unknown (attempt 3/10)
[2026-01-30 15:00:55] [WARN] PikSendRetry: Attempt 4/11 failed for unknown: PikSend.lrplugin/tests/test_retry_properties.lua:312: Not yet
[2026-01-30 15:00:55] [INFO] PikSendRetry: Retrying unknown (attempt 4/10)
[2026-01-30 15:00:55] [INFO] PikSendRetry: Retry successful for unknown after 4 attempt(s)
[2026-01-30 15:00:55] [WARN] PikSendRetry: Attempt 1/11 failed for unknown: PikSend.lrplugin/tests/test_retry_properties.lua:312: Not yet
[2026-01-30 15:00:55] [INFO] PikSendRetry: Retrying unknown (attempt 1/10)
[2026-01-30 15:00:55] [INFO] PikSendRetry: Retry successful for unknown after 1 attempt(s)
[2026-01-30 15:00:55] [WARN] PikSendRetry: Attempt 1/11 failed for unknown: PikSend.lrplugin/tests/test_retry_properties.lua:312: Not yet
[2026-01-30 15:00:55] [INFO] PikSendRetry: Retrying unknown (attempt 1/10)
[2026-01-30 15:00:55] [WARN] PikSendRetry: Attempt 2/11 failed for unknown: PikSend.lrplugin/tests/test_retry_properties.lua:312: Not yet
[2026-01-30 15:00:55] [INFO] PikSendRetry: Retrying unknown (attempt 2/10)
[2026-01-30 15:00:55] [WARN] PikSendRetry: Attempt 3/11 failed for unknown: PikSend.lrplugin/tests/test_retry_properties.lua:312: Not yet
[2026-01-30 15:00:55] [INFO] PikSendRetry: Retrying unknown (attempt 3/10)
[2026-01-30 15:00:55] [WARN] PikSendRetry: Attempt 4/11 failed for unknown: PikSend.lrplugin/tests/test_retry_properties.lua:312: Not yet
[2026-01-30 15:00:55] [INFO] PikSendRetry: Retrying unknown (attempt 4/10)
[2026-01-30 15:00:55] [INFO] PikSendRetry: Retry successful for unknown after 4 attempt(s)
[2026-01-30 15:00:55] [WARN] PikSendRetry: Attempt 1/11 failed for unknown: PikSend.lrplugin/tests/test_retry_properties.lua:312: Not yet
[2026-01-30 15:00:55] [INFO] PikSendRetry: Retrying unknown (attempt 1/10)
[2026-01-30 15:00:55] [WARN] PikSendRetry: Attempt 2/11 failed for unknown: PikSend.lrplugin/tests/test_retry_properties.lua:312: Not yet
[2026-01-30 15:00:55] [INFO] PikSendRetry: Retrying unknown (attempt 2/10)
[2026-01-30 15:00:55] [INFO] PikSendRetry: Retry successful for unknown after 2 attempt(s)
[2026-01-30 15:00:55] [WARN] PikSendRetry: Attempt 1/11 failed for unknown: PikSend.lrplugin/tests/test_retry_properties.lua:312: Not yet
[2026-01-30 15:00:55] [INFO] PikSendRetry: Retrying unknown (attempt 1/10)
[2026-01-30 15:00:55] [WARN] PikSendRetry: Attempt 2/11 failed for unknown: PikSend.lrplugin/tests/test_retry_properties.lua:312: Not yet
[2026-01-30 15:00:55] [INFO] PikSendRetry: Retrying unknown (attempt 2/10)
[2026-01-30 15:00:55] [INFO] PikSendRetry: Retry successful for unknown after 2 attempt(s)
[2026-01-30 15:00:55] [WARN] PikSendRetry: Attempt 1/11 failed for unknown: PikSend.lrplugin/tests/test_retry_properties.lua:312: Not yet
[2026-01-30 15:00:55] [INFO] PikSendRetry: Retrying unknown (attempt 1/10)
[2026-01-30 15:00:55] [WARN] PikSendRetry: Attempt 2/11 failed for unknown: PikSend.lrplugin/tests/test_retry_properties.lua:312: Not yet
[2026-01-30 15:00:55] [INFO] PikSendRetry: Retrying unknown (attempt 2/10)
[2026-01-30 15:00:55] [INFO] PikSendRetry: Retry successful for unknown after 2 attempt(s)
[2026-01-30 15:00:55] [WARN] PikSendRetry: Attempt 1/11 failed for unknown: PikSend.lrplugin/tests/test_retry_properties.lua:312: Not yet
[2026-01-30 15:00:55] [INFO] PikSendRetry: Retrying unknown (attempt 1/10)
[2026-01-30 15:00:55] [WARN] PikSendRetry: Attempt 2/11 failed for unknown: PikSend.lrplugin/tests/test_retry_properties.lua:312: Not yet
[2026-01-30 15:00:55] [INFO] PikSendRetry: Retrying unknown (attempt 2/10)
[2026-01-30 15:00:55] [INFO] PikSendRetry: Retry successful for unknown after 2 attempt(s)
[2026-01-30 15:00:55] [WARN] PikSendRetry: Attempt 1/11 failed for unknown: PikSend.lrplugin/tests/test_retry_properties.lua:312: Not yet
[2026-01-30 15:00:55] [INFO] PikSendRetry: Retrying unknown (attempt 1/10)
[2026-01-30 15:00:55] [WARN] PikSendRetry: Attempt 2/11 failed for unknown: PikSend.lrplugin/tests/test_retry_properties.lua:312: Not yet
[2026-01-30 15:00:55] [INFO] PikSendRetry: Retrying unknown (attempt 2/10)
[2026-01-30 15:00:55] [WARN] PikSendRetry: Attempt 3/11 failed for unknown: PikSend.lrplugin/tests/test_retry_properties.lua:312: Not yet
[2026-01-30 15:00:55] [INFO] PikSendRetry: Retrying unknown (attempt 3/10)
[2026-01-30 15:00:55] [WARN] PikSendRetry: Attempt 4/11 failed for unknown: PikSend.lrplugin/tests/test_retry_properties.lua:312: Not yet
[2026-01-30 15:00:55] [INFO] PikSendRetry: Retrying unknown (attempt 4/10)
[2026-01-30 15:00:55] [INFO] PikSendRetry: Retry successful for unknown after 4 attempt(s)
[2026-01-30 15:00:55] [WARN] PikSendRetry: Attempt 1/11 failed for unknown: PikSend.lrplugin/tests/test_retry_properties.lua:312: Not yet
[2026-01-30 15:00:55] [INFO] PikSendRetry: Retrying unknown (attempt 1/10)
[2026-01-30 15:00:55] [INFO] PikSendRetry: Retry successful for unknown after 1 attempt(s)
[2026-01-30 15:00:55] [WARN] PikSendRetry: Attempt 1/11 failed for unknown: PikSend.lrplugin/tests/test_retry_properties.lua:312: Not yet
[2026-01-30 15:00:55] [INFO] PikSendRetry: Retrying unknown (attempt 1/10)
[2026-01-30 15:00:55] [WARN] PikSendRetry: Attempt 2/11 failed for unknown: PikSend.lrplugin/tests/test_retry_properties.lua:312: Not yet
[2026-01-30 15:00:55] [INFO] PikSendRetry: Retrying unknown (attempt 2/10)
[2026-01-30 15:00:55] [INFO] PikSendRetry: Retry successful for unknown after 2 attempt(s)
[2026-01-30 15:00:55] [WARN] PikSendRetry: Attempt 1/11 failed for unknown: PikSend.lrplugin/tests/test_retry_properties.lua:312: Not yet
[2026-01-30 15:00:55] [INFO] PikSendRetry: Retrying unknown (attempt 1/10)
[2026-01-30 15:00:55] [WARN] PikSendRetry: Attempt 2/11 failed for unknown: PikSend.lrplugin/tests/test_retry_properties.lua:312: Not yet
[2026-01-30 15:00:55] [INFO] PikSendRetry: Retrying unknown (attempt 2/10)
[2026-01-30 15:00:55] [WARN] PikSendRetry: Attempt 3/11 failed for unknown: PikSend.lrplugin/tests/test_retry_properties.lua:312: Not yet
[2026-01-30 15:00:55] [INFO] PikSendRetry: Retrying unknown (attempt 3/10)
[2026-01-30 15:00:55] [INFO] PikSendRetry: Retry successful for unknown after 3 attempt(s)
[2026-01-30 15:00:55] [WARN] PikSendRetry: Attempt 1/11 failed for unknown: PikSend.lrplugin/tests/test_retry_properties.lua:312: Not yet
[2026-01-30 15:00:55] [INFO] PikSendRetry: Retrying unknown (attempt 1/10)
[2026-01-30 15:00:55] [WARN] PikSendRetry: Attempt 2/11 failed for unknown: PikSend.lrplugin/tests/test_retry_properties.lua:312: Not yet
[2026-01-30 15:00:55] [INFO] PikSendRetry: Retrying unknown (attempt 2/10)
[2026-01-30 15:00:55] [WARN] PikSendRetry: Attempt 3/11 failed for unknown: PikSend.lrplugin/tests/test_retry_properties.lua:312: Not yet
[2026-01-30 15:00:55] [INFO] PikSendRetry: Retrying unknown (attempt 3/10)
[2026-01-30 15:00:55] [INFO] PikSendRetry: Retry successful for unknown after 3 attempt(s)
[2026-01-30 15:00:55] [WARN] PikSendRetry: Attempt 1/11 failed for unknown: PikSend.lrplugin/tests/test_retry_properties.lua:312: Not yet
[2026-01-30 15:00:55] [INFO] PikSendRetry: Retrying unknown (attempt 1/10)
[2026-01-30 15:00:55] [WARN] PikSendRetry: Attempt 2/11 failed for unknown: PikSend.lrplugin/tests/test_retry_properties.lua:312: Not yet
[2026-01-30 15:00:55] [INFO] PikSendRetry: Retrying unknown (attempt 2/10)
[2026-01-30 15:00:55] [WARN] PikSendRetry: Attempt 3/11 failed for unknown: PikSend.lrplugin/tests/test_retry_properties.lua:312: Not yet
[2026-01-30 15:00:55] [INFO] PikSendRetry: Retrying unknown (attempt 3/10)
[2026-01-30 15:00:55] [WARN] PikSendRetry: Attempt 4/11 failed for unknown: PikSend.lrplugin/tests/test_retry_properties.lua:312: Not yet
[2026-01-30 15:00:55] [INFO] PikSendRetry: Retrying unknown (attempt 4/10)
[2026-01-30 15:00:55] [INFO] PikSendRetry: Retry successful for unknown after 4 attempt(s)
[2026-01-30 15:00:55] [WARN] PikSendRetry: Attempt 1/11 failed for unknown: PikSend.lrplugin/tests/test_retry_properties.lua:312: Not yet
[2026-01-30 15:00:55] [INFO] PikSendRetry: Retrying unknown (attempt 1/10)
[2026-01-30 15:00:55] [INFO] PikSendRetry: Retry successful for unknown after 1 attempt(s)
[2026-01-30 15:00:55] [WARN] PikSendRetry: Attempt 1/11 failed for unknown: PikSend.lrplugin/tests/test_retry_properties.lua:312: Not yet
[2026-01-30 15:00:55] [INFO] PikSendRetry: Retrying unknown (attempt 1/10)
[2026-01-30 15:00:55] [WARN] PikSendRetry: Attempt 2/11 failed for unknown: PikSend.lrplugin/tests/test_retry_properties.lua:312: Not yet
[2026-01-30 15:00:55] [INFO] PikSendRetry: Retrying unknown (attempt 2/10)
[2026-01-30 15:00:55] [WARN] PikSendRetry: Attempt 3/11 failed for unknown: PikSend.lrplugin/tests/test_retry_properties.lua:312: Not yet
[2026-01-30 15:00:55] [INFO] PikSendRetry: Retrying unknown (attempt 3/10)
[2026-01-30 15:00:55] [WARN] PikSendRetry: Attempt 4/11 failed for unknown: PikSend.lrplugin/tests/test_retry_properties.lua:312: Not yet
[2026-01-30 15:00:55] [INFO] PikSendRetry: Retrying unknown (attempt 4/10)
[2026-01-30 15:00:55] [INFO] PikSendRetry: Retry successful for unknown after 4 attempt(s)
[2026-01-30 15:00:55] [WARN] PikSendRetry: Attempt 1/11 failed for unknown: PikSend.lrplugin/tests/test_retry_properties.lua:312: Not yet
[2026-01-30 15:00:55] [INFO] PikSendRetry: Retrying unknown (attempt 1/10)
[2026-01-30 15:00:55] [WARN] PikSendRetry: Attempt 2/11 failed for unknown: PikSend.lrplugin/tests/test_retry_properties.lua:312: Not yet
[2026-01-30 15:00:55] [INFO] PikSendRetry: Retrying unknown (attempt 2/10)
[2026-01-30 15:00:55] [WARN] PikSendRetry: Attempt 3/11 failed for unknown: PikSend.lrplugin/tests/test_retry_properties.lua:312: Not yet
[2026-01-30 15:00:55] [INFO] PikSendRetry: Retrying unknown (attempt 3/10)
[2026-01-30 15:00:55] [WARN] PikSendRetry: Attempt 4/11 failed for unknown: PikSend.lrplugin/tests/test_retry_properties.lua:312: Not yet
[2026-01-30 15:00:55] [INFO] PikSendRetry: Retrying unknown (attempt 4/10)
[2026-01-30 15:00:55] [INFO] PikSendRetry: Retry successful for unknown after 4 attempt(s)
[2026-01-30 15:00:55] [WARN] PikSendRetry: Attempt 1/11 failed for unknown: PikSend.lrplugin/tests/test_retry_properties.lua:312: Not yet
[2026-01-30 15:00:55] [INFO] PikSendRetry: Retrying unknown (attempt 1/10)
[2026-01-30 15:00:55] [WARN] PikSendRetry: Attempt 2/11 failed for unknown: PikSend.lrplugin/tests/test_retry_properties.lua:312: Not yet
[2026-01-30 15:00:55] [INFO] PikSendRetry: Retrying unknown (attempt 2/10)
[2026-01-30 15:00:55] [WARN] PikSendRetry: Attempt 3/11 failed for unknown: PikSend.lrplugin/tests/test_retry_properties.lua:312: Not yet
[2026-01-30 15:00:55] [INFO] PikSendRetry: Retrying unknown (attempt 3/10)
[2026-01-30 15:00:55] [INFO] PikSendRetry: Retry successful for unknown after 3 attempt(s)
[2026-01-30 15:00:55] [WARN] PikSendRetry: Attempt 1/11 failed for unknown: PikSend.lrplugin/tests/test_retry_properties.lua:312: Not yet
[2026-01-30 15:00:55] [INFO] PikSendRetry: Retrying unknown (attempt 1/10)
[2026-01-30 15:00:55] [WARN] PikSendRetry: Attempt 2/11 failed for unknown: PikSend.lrplugin/tests/test_retry_properties.lua:312: Not yet
[2026-01-30 15:00:55] [INFO] PikSendRetry: Retrying unknown (attempt 2/10)
[2026-01-30 15:00:55] [INFO] PikSendRetry: Retry successful for unknown after 2 attempt(s)
[2026-01-30 15:00:55] [WARN] PikSendRetry: Attempt 1/11 failed for unknown: PikSend.lrplugin/tests/test_retry_properties.lua:312: Not yet
[2026-01-30 15:00:55] [INFO] PikSendRetry: Retrying unknown (attempt 1/10)
[2026-01-30 15:00:55] [WARN] PikSendRetry: Attempt 2/11 failed for unknown: PikSend.lrplugin/tests/test_retry_properties.lua:312: Not yet
[2026-01-30 15:00:55] [INFO] PikSendRetry: Retrying unknown (attempt 2/10)
[2026-01-30 15:00:55] [WARN] PikSendRetry: Attempt 3/11 failed for unknown: PikSend.lrplugin/tests/test_retry_properties.lua:312: Not yet
[2026-01-30 15:00:55] [INFO] PikSendRetry: Retrying unknown (attempt 3/10)
[2026-01-30 15:00:55] [WARN] PikSendRetry: Attempt 4/11 failed for unknown: PikSend.lrplugin/tests/test_retry_properties.lua:312: Not yet
[2026-01-30 15:00:55] [INFO] PikSendRetry: Retrying unknown (attempt 4/10)
[2026-01-30 15:00:55] [INFO] PikSendRetry: Retry successful for unknown after 4 attempt(s)
[2026-01-30 15:00:55] [WARN] PikSendRetry: Attempt 1/11 failed for unknown: PikSend.lrplugin/tests/test_retry_properties.lua:312: Not yet
[2026-01-30 15:00:55] [INFO] PikSendRetry: Retrying unknown (attempt 1/10)
[2026-01-30 15:00:55] [WARN] PikSendRetry: Attempt 2/11 failed for unknown: PikSend.lrplugin/tests/test_retry_properties.lua:312: Not yet
[2026-01-30 15:00:55] [INFO] PikSendRetry: Retrying unknown (attempt 2/10)
[2026-01-30 15:00:55] [WARN] PikSendRetry: Attempt 3/11 failed for unknown: PikSend.lrplugin/tests/test_retry_properties.lua:312: Not yet
[2026-01-30 15:00:55] [INFO] PikSendRetry: Retrying unknown (attempt 3/10)
[2026-01-30 15:00:55] [WARN] PikSendRetry: Attempt 4/11 failed for unknown: PikSend.lrplugin/tests/test_retry_properties.lua:312: Not yet
[2026-01-30 15:00:55] [INFO] PikSendRetry: Retrying unknown (attempt 4/10)
[2026-01-30 15:00:55] [INFO] PikSendRetry: Retry successful for unknown after 4 attempt(s)
[2026-01-30 15:00:55] [WARN] PikSendRetry: Attempt 1/11 failed for unknown: PikSend.lrplugin/tests/test_retry_properties.lua:312: Not yet
[2026-01-30 15:00:55] [INFO] PikSendRetry: Retrying unknown (attempt 1/10)
[2026-01-30 15:00:55] [WARN] PikSendRetry: Attempt 2/11 failed for unknown: PikSend.lrplugin/tests/test_retry_properties.lua:312: Not yet
[2026-01-30 15:00:55] [INFO] PikSendRetry: Retrying unknown (attempt 2/10)
[2026-01-30 15:00:55] [WARN] PikSendRetry: Attempt 3/11 failed for unknown: PikSend.lrplugin/tests/test_retry_properties.lua:312: Not yet
[2026-01-30 15:00:55] [INFO] PikSendRetry: Retrying unknown (attempt 3/10)
[2026-01-30 15:00:55] [INFO] PikSendRetry: Retry successful for unknown after 3 attempt(s)
[2026-01-30 15:00:55] [WARN] PikSendRetry: Attempt 1/11 failed for unknown: PikSend.lrplugin/tests/test_retry_properties.lua:312: Not yet
[2026-01-30 15:00:55] [INFO] PikSendRetry: Retrying unknown (attempt 1/10)
[2026-01-30 15:00:55] [WARN] PikSendRetry: Attempt 2/11 failed for unknown: PikSend.lrplugin/tests/test_retry_properties.lua:312: Not yet
[2026-01-30 15:00:55] [INFO] PikSendRetry: Retrying unknown (attempt 2/10)
[2026-01-30 15:00:55] [INFO] PikSendRetry: Retry successful for unknown after 2 attempt(s)
[2026-01-30 15:00:55] [WARN] PikSendRetry: Attempt 1/11 failed for unknown: PikSend.lrplugin/tests/test_retry_properties.lua:312: Not yet
[2026-01-30 15:00:55] [INFO] PikSendRetry: Retrying unknown (attempt 1/10)
[2026-01-30 15:00:55] [WARN] PikSendRetry: Attempt 2/11 failed for unknown: PikSend.lrplugin/tests/test_retry_properties.lua:312: Not yet
[2026-01-30 15:00:55] [INFO] PikSendRetry: Retrying unknown (attempt 2/10)
[2026-01-30 15:00:55] [WARN] PikSendRetry: Attempt 3/11 failed for unknown: PikSend.lrplugin/tests/test_retry_properties.lua:312: Not yet
[2026-01-30 15:00:55] [INFO] PikSendRetry: Retrying unknown (attempt 3/10)
[2026-01-30 15:00:55] [WARN] PikSendRetry: Attempt 4/11 failed for unknown: PikSend.lrplugin/tests/test_retry_properties.lua:312: Not yet
[2026-01-30 15:00:55] [INFO] PikSendRetry: Retrying unknown (attempt 4/10)
[2026-01-30 15:00:55] [INFO] PikSendRetry: Retry successful for unknown after 4 attempt(s)
[2026-01-30 15:00:55] [WARN] PikSendRetry: Attempt 1/11 failed for unknown: PikSend.lrplugin/tests/test_retry_properties.lua:312: Not yet
[2026-01-30 15:00:55] [INFO] PikSendRetry: Retrying unknown (attempt 1/10)
[2026-01-30 15:00:55] [INFO] PikSendRetry: Retry successful for unknown after 1 attempt(s)
[2026-01-30 15:00:55] [WARN] PikSendRetry: Attempt 1/11 failed for unknown: PikSend.lrplugin/tests/test_retry_properties.lua:312: Not yet
[2026-01-30 15:00:55] [INFO] PikSendRetry: Retrying unknown (attempt 1/10)
[2026-01-30 15:00:55] [WARN] PikSendRetry: Attempt 2/11 failed for unknown: PikSend.lrplugin/tests/test_retry_properties.lua:312: Not yet
[2026-01-30 15:00:55] [INFO] PikSendRetry: Retrying unknown (attempt 2/10)
[2026-01-30 15:00:55] [INFO] PikSendRetry: Retry successful for unknown after 2 attempt(s)
[2026-01-30 15:00:55] [WARN] PikSendRetry: Attempt 1/11 failed for unknown: PikSend.lrplugin/tests/test_retry_properties.lua:312: Not yet
[2026-01-30 15:00:55] [INFO] PikSendRetry: Retrying unknown (attempt 1/10)
[2026-01-30 15:00:55] [INFO] PikSendRetry: Retry successful for unknown after 1 attempt(s)
[2026-01-30 15:00:55] [WARN] PikSendRetry: Attempt 1/11 failed for unknown: PikSend.lrplugin/tests/test_retry_properties.lua:312: Not yet
[2026-01-30 15:00:55] [INFO] PikSendRetry: Retrying unknown (attempt 1/10)
[2026-01-30 15:00:55] [WARN] PikSendRetry: Attempt 2/11 failed for unknown: PikSend.lrplugin/tests/test_retry_properties.lua:312: Not yet
[2026-01-30 15:00:55] [INFO] PikSendRetry: Retrying unknown (attempt 2/10)
[2026-01-30 15:00:55] [INFO] PikSendRetry: Retry successful for unknown after 2 attempt(s)
[2026-01-30 15:00:55] [WARN] PikSendRetry: Attempt 1/11 failed for unknown: PikSend.lrplugin/tests/test_retry_properties.lua:312: Not yet
[2026-01-30 15:00:55] [INFO] PikSendRetry: Retrying unknown (attempt 1/10)
[2026-01-30 15:00:55] [WARN] PikSendRetry: Attempt 2/11 failed for unknown: PikSend.lrplugin/tests/test_retry_properties.lua:312: Not yet
[2026-01-30 15:00:55] [INFO] PikSendRetry: Retrying unknown (attempt 2/10)
[2026-01-30 15:00:55] [INFO] PikSendRetry: Retry successful for unknown after 2 attempt(s)
[2026-01-30 15:00:55] [WARN] PikSendRetry: Attempt 1/11 failed for unknown: PikSend.lrplugin/tests/test_retry_properties.lua:312: Not yet
[2026-01-30 15:00:55] [INFO] PikSendRetry: Retrying unknown (attempt 1/10)
[2026-01-30 15:00:55] [INFO] PikSendRetry: Retry successful for unknown after 1 attempt(s)
[2026-01-30 15:00:55] [WARN] PikSendRetry: Attempt 1/11 failed for unknown: PikSend.lrplugin/tests/test_retry_properties.lua:312: Not yet
[2026-01-30 15:00:55] [INFO] PikSendRetry: Retrying unknown (attempt 1/10)
[2026-01-30 15:00:55] [WARN] PikSendRetry: Attempt 2/11 failed for unknown: PikSend.lrplugin/tests/test_retry_properties.lua:312: Not yet
[2026-01-30 15:00:55] [INFO] PikSendRetry: Retrying unknown (attempt 2/10)
[2026-01-30 15:00:55] [WARN] PikSendRetry: Attempt 3/11 failed for unknown: PikSend.lrplugin/tests/test_retry_properties.lua:312: Not yet
[2026-01-30 15:00:55] [INFO] PikSendRetry: Retrying unknown (attempt 3/10)
[2026-01-30 15:00:55] [WARN] PikSendRetry: Attempt 4/11 failed for unknown: PikSend.lrplugin/tests/test_retry_properties.lua:312: Not yet
[2026-01-30 15:00:55] [INFO] PikSendRetry: Retrying unknown (attempt 4/10)
[2026-01-30 15:00:55] [INFO] PikSendRetry: Retry successful for unknown after 4 attempt(s)
[2026-01-30 15:00:55] [WARN] PikSendRetry: Attempt 1/11 failed for unknown: PikSend.lrplugin/tests/test_retry_properties.lua:312: Not yet
[2026-01-30 15:00:55] [INFO] PikSendRetry: Retrying unknown (attempt 1/10)
[2026-01-30 15:00:55] [WARN] PikSendRetry: Attempt 2/11 failed for unknown: PikSend.lrplugin/tests/test_retry_properties.lua:312: Not yet
[2026-01-30 15:00:55] [INFO] PikSendRetry: Retrying unknown (attempt 2/10)
[2026-01-30 15:00:55] [INFO] PikSendRetry: Retry successful for unknown after 2 attempt(s)
[2026-01-30 15:00:55] [WARN] PikSendRetry: Attempt 1/11 failed for unknown: PikSend.lrplugin/tests/test_retry_properties.lua:312: Not yet
[2026-01-30 15:00:55] [INFO] PikSendRetry: Retrying unknown (attempt 1/10)
[2026-01-30 15:00:55] [WARN] PikSendRetry: Attempt 2/11 failed for unknown: PikSend.lrplugin/tests/test_retry_properties.lua:312: Not yet
[2026-01-30 15:00:55] [INFO] PikSendRetry: Retrying unknown (attempt 2/10)
[2026-01-30 15:00:55] [WARN] PikSendRetry: Attempt 3/11 failed for unknown: PikSend.lrplugin/tests/test_retry_properties.lua:312: Not yet
[2026-01-30 15:00:55] [INFO] PikSendRetry: Retrying unknown (attempt 3/10)
[2026-01-30 15:00:55] [INFO] PikSendRetry: Retry successful for unknown after 3 attempt(s)
[2026-01-30 15:00:55] [WARN] PikSendRetry: Attempt 1/11 failed for unknown: PikSend.lrplugin/tests/test_retry_properties.lua:312: Not yet
[2026-01-30 15:00:55] [INFO] PikSendRetry: Retrying unknown (attempt 1/10)
[2026-01-30 15:00:55] [INFO] PikSendRetry: Retry successful for unknown after 1 attempt(s)
[2026-01-30 15:00:55] [WARN] PikSendRetry: Attempt 1/11 failed for unknown: PikSend.lrplugin/tests/test_retry_properties.lua:312: Not yet
[2026-01-30 15:00:55] [INFO] PikSendRetry: Retrying unknown (attempt 1/10)
[2026-01-30 15:00:55] [INFO] PikSendRetry: Retry successful for unknown after 1 attempt(s)
[2026-01-30 15:00:55] [WARN] PikSendRetry: Attempt 1/11 failed for unknown: PikSend.lrplugin/tests/test_retry_properties.lua:312: Not yet
[2026-01-30 15:00:55] [INFO] PikSendRetry: Retrying unknown (attempt 1/10)
[2026-01-30 15:00:55] [WARN] PikSendRetry: Attempt 2/11 failed for unknown: PikSend.lrplugin/tests/test_retry_properties.lua:312: Not yet
[2026-01-30 15:00:55] [INFO] PikSendRetry: Retrying unknown (attempt 2/10)
[2026-01-30 15:00:55] [WARN] PikSendRetry: Attempt 3/11 failed for unknown: PikSend.lrplugin/tests/test_retry_properties.lua:312: Not yet
[2026-01-30 15:00:55] [INFO] PikSendRetry: Retrying unknown (attempt 3/10)
[2026-01-30 15:00:55] [WARN] PikSendRetry: Attempt 4/11 failed for unknown: PikSend.lrplugin/tests/test_retry_properties.lua:312: Not yet
[2026-01-30 15:00:55] [INFO] PikSendRetry: Retrying unknown (attempt 4/10)
[2026-01-30 15:00:55] [INFO] PikSendRetry: Retry successful for unknown after 4 attempt(s)
[2026-01-30 15:00:55] [WARN] PikSendRetry: Attempt 1/11 failed for unknown: PikSend.lrplugin/tests/test_retry_properties.lua:312: Not yet
[2026-01-30 15:00:55] [INFO] PikSendRetry: Retrying unknown (attempt 1/10)
[2026-01-30 15:00:55] [WARN] PikSendRetry: Attempt 2/11 failed for unknown: PikSend.lrplugin/tests/test_retry_properties.lua:312: Not yet
[2026-01-30 15:00:55] [INFO] PikSendRetry: Retrying unknown (attempt 2/10)
[2026-01-30 15:00:55] [WARN] PikSendRetry: Attempt 3/11 failed for unknown: PikSend.lrplugin/tests/test_retry_properties.lua:312: Not yet
[2026-01-30 15:00:55] [INFO] PikSendRetry: Retrying unknown (attempt 3/10)
[2026-01-30 15:00:55] [WARN] PikSendRetry: Attempt 4/11 failed for unknown: PikSend.lrplugin/tests/test_retry_properties.lua:312: Not yet
[2026-01-30 15:00:55] [INFO] PikSendRetry: Retrying unknown (attempt 4/10)
[2026-01-30 15:00:55] [INFO] PikSendRetry: Retry successful for unknown after 4 attempt(s)
[2026-01-30 15:00:55] [WARN] PikSendRetry: Attempt 1/11 failed for unknown: PikSend.lrplugin/tests/test_retry_properties.lua:312: Not yet
[2026-01-30 15:00:55] [INFO] PikSendRetry: Retrying unknown (attempt 1/10)
[2026-01-30 15:00:55] [WARN] PikSendRetry: Attempt 2/11 failed for unknown: PikSend.lrplugin/tests/test_retry_properties.lua:312: Not yet
[2026-01-30 15:00:55] [INFO] PikSendRetry: Retrying unknown (attempt 2/10)
[2026-01-30 15:00:55] [INFO] PikSendRetry: Retry successful for unknown after 2 attempt(s)
[2026-01-30 15:00:55] [WARN] PikSendRetry: Attempt 1/11 failed for unknown: PikSend.lrplugin/tests/test_retry_properties.lua:312: Not yet
[2026-01-30 15:00:55] [INFO] PikSendRetry: Retrying unknown (attempt 1/10)
[2026-01-30 15:00:55] [WARN] PikSendRetry: Attempt 2/11 failed for unknown: PikSend.lrplugin/tests/test_retry_properties.lua:312: Not yet
[2026-01-30 15:00:55] [INFO] PikSendRetry: Retrying unknown (attempt 2/10)
[2026-01-30 15:00:55] [WARN] PikSendRetry: Attempt 3/11 failed for unknown: PikSend.lrplugin/tests/test_retry_properties.lua:312: Not yet
[2026-01-30 15:00:55] [INFO] PikSendRetry: Retrying unknown (attempt 3/10)
[2026-01-30 15:00:55] [WARN] PikSendRetry: Attempt 4/11 failed for unknown: PikSend.lrplugin/tests/test_retry_properties.lua:312: Not yet
[2026-01-30 15:00:55] [INFO] PikSendRetry: Retrying unknown (attempt 4/10)
[2026-01-30 15:00:55] [INFO] PikSendRetry: Retry successful for unknown after 4 attempt(s)
[2026-01-30 15:00:55] [WARN] PikSendRetry: Attempt 1/11 failed for unknown: PikSend.lrplugin/tests/test_retry_properties.lua:312: Not yet
[2026-01-30 15:00:55] [INFO] PikSendRetry: Retrying unknown (attempt 1/10)
[2026-01-30 15:00:55] [WARN] PikSendRetry: Attempt 2/11 failed for unknown: PikSend.lrplugin/tests/test_retry_properties.lua:312: Not yet
[2026-01-30 15:00:55] [INFO] PikSendRetry: Retrying unknown (attempt 2/10)
[2026-01-30 15:00:55] [INFO] PikSendRetry: Retry successful for unknown after 2 attempt(s)
[2026-01-30 15:00:55] [WARN] PikSendRetry: Attempt 1/11 failed for unknown: PikSend.lrplugin/tests/test_retry_properties.lua:312: Not yet
[2026-01-30 15:00:55] [INFO] PikSendRetry: Retrying unknown (attempt 1/10)
[2026-01-30 15:00:55] [INFO] PikSendRetry: Retry successful for unknown after 1 attempt(s)
[2026-01-30 15:00:55] [WARN] PikSendRetry: Attempt 1/11 failed for unknown: PikSend.lrplugin/tests/test_retry_properties.lua:312: Not yet
[2026-01-30 15:00:55] [INFO] PikSendRetry: Retrying unknown (attempt 1/10)
[2026-01-30 15:00:55] [WARN] PikSendRetry: Attempt 2/11 failed for unknown: PikSend.lrplugin/tests/test_retry_properties.lua:312: Not yet
[2026-01-30 15:00:55] [INFO] PikSendRetry: Retrying unknown (attempt 2/10)
[2026-01-30 15:00:55] [WARN] PikSendRetry: Attempt 3/11 failed for unknown: PikSend.lrplugin/tests/test_retry_properties.lua:312: Not yet
[2026-01-30 15:00:55] [INFO] PikSendRetry: Retrying unknown (attempt 3/10)
[2026-01-30 15:00:55] [WARN] PikSendRetry: Attempt 4/11 failed for unknown: PikSend.lrplugin/tests/test_retry_properties.lua:312: Not yet
[2026-01-30 15:00:55] [INFO] PikSendRetry: Retrying unknown (attempt 4/10)
[2026-01-30 15:00:55] [INFO] PikSendRetry: Retry successful for unknown after 4 attempt(s)
[2026-01-30 15:00:55] [WARN] PikSendRetry: Attempt 1/11 failed for unknown: PikSend.lrplugin/tests/test_retry_properties.lua:312: Not yet
[2026-01-30 15:00:55] [INFO] PikSendRetry: Retrying unknown (attempt 1/10)
[2026-01-30 15:00:55] [WARN] PikSendRetry: Attempt 2/11 failed for unknown: PikSend.lrplugin/tests/test_retry_properties.lua:312: Not yet
[2026-01-30 15:00:55] [INFO] PikSendRetry: Retrying unknown (attempt 2/10)
[2026-01-30 15:00:55] [WARN] PikSendRetry: Attempt 3/11 failed for unknown: PikSend.lrplugin/tests/test_retry_properties.lua:312: Not yet
[2026-01-30 15:00:55] [INFO] PikSendRetry: Retrying unknown (attempt 3/10)
[2026-01-30 15:00:55] [INFO] PikSendRetry: Retry successful for unknown after 3 attempt(s)
[2026-01-30 15:00:55] [WARN] PikSendRetry: Attempt 1/11 failed for unknown: PikSend.lrplugin/tests/test_retry_properties.lua:312: Not yet
[2026-01-30 15:00:55] [INFO] PikSendRetry: Retrying unknown (attempt 1/10)
[2026-01-30 15:00:55] [INFO] PikSendRetry: Retry successful for unknown after 1 attempt(s)
[2026-01-30 15:00:55] [WARN] PikSendRetry: Attempt 1/11 failed for unknown: PikSend.lrplugin/tests/test_retry_properties.lua:312: Not yet
[2026-01-30 15:00:55] [INFO] PikSendRetry: Retrying unknown (attempt 1/10)
[2026-01-30 15:00:55] [WARN] PikSendRetry: Attempt 2/11 failed for unknown: PikSend.lrplugin/tests/test_retry_properties.lua:312: Not yet
[2026-01-30 15:00:55] [INFO] PikSendRetry: Retrying unknown (attempt 2/10)
[2026-01-30 15:00:55] [WARN] PikSendRetry: Attempt 3/11 failed for unknown: PikSend.lrplugin/tests/test_retry_properties.lua:312: Not yet
[2026-01-30 15:00:55] [INFO] PikSendRetry: Retrying unknown (attempt 3/10)
[2026-01-30 15:00:55] [INFO] PikSendRetry: Retry successful for unknown after 3 attempt(s)
[2026-01-30 15:00:55] [WARN] PikSendRetry: Attempt 1/11 failed for unknown: PikSend.lrplugin/tests/test_retry_properties.lua:312: Not yet
[2026-01-30 15:00:55] [INFO] PikSendRetry: Retrying unknown (attempt 1/10)
[2026-01-30 15:00:55] [WARN] PikSendRetry: Attempt 2/11 failed for unknown: PikSend.lrplugin/tests/test_retry_properties.lua:312: Not yet
[2026-01-30 15:00:55] [INFO] PikSendRetry: Retrying unknown (attempt 2/10)
[2026-01-30 15:00:55] [WARN] PikSendRetry: Attempt 3/11 failed for unknown: PikSend.lrplugin/tests/test_retry_properties.lua:312: Not yet
[2026-01-30 15:00:55] [INFO] PikSendRetry: Retrying unknown (attempt 3/10)
[2026-01-30 15:00:55] [WARN] PikSendRetry: Attempt 4/11 failed for unknown: PikSend.lrplugin/tests/test_retry_properties.lua:312: Not yet
[2026-01-30 15:00:55] [INFO] PikSendRetry: Retrying unknown (attempt 4/10)
[2026-01-30 15:00:55] [INFO] PikSendRetry: Retry successful for unknown after 4 attempt(s)
[2026-01-30 15:00:55] [WARN] PikSendRetry: Attempt 1/11 failed for unknown: PikSend.lrplugin/tests/test_retry_properties.lua:312: Not yet
[2026-01-30 15:00:55] [INFO] PikSendRetry: Retrying unknown (attempt 1/10)
[2026-01-30 15:00:55] [WARN] PikSendRetry: Attempt 2/11 failed for unknown: PikSend.lrplugin/tests/test_retry_properties.lua:312: Not yet
[2026-01-30 15:00:55] [INFO] PikSendRetry: Retrying unknown (attempt 2/10)
[2026-01-30 15:00:55] [WARN] PikSendRetry: Attempt 3/11 failed for unknown: PikSend.lrplugin/tests/test_retry_properties.lua:312: Not yet
[2026-01-30 15:00:55] [INFO] PikSendRetry: Retrying unknown (attempt 3/10)
[2026-01-30 15:00:55] [INFO] PikSendRetry: Retry successful for unknown after 3 attempt(s)
[2026-01-30 15:00:55] [WARN] PikSendRetry: Attempt 1/11 failed for unknown: PikSend.lrplugin/tests/test_retry_properties.lua:312: Not yet
[2026-01-30 15:00:55] [INFO] PikSendRetry: Retrying unknown (attempt 1/10)
[2026-01-30 15:00:55] [WARN] PikSendRetry: Attempt 2/11 failed for unknown: PikSend.lrplugin/tests/test_retry_properties.lua:312: Not yet
[2026-01-30 15:00:55] [INFO] PikSendRetry: Retrying unknown (attempt 2/10)
[2026-01-30 15:00:55] [WARN] PikSendRetry: Attempt 3/11 failed for unknown: PikSend.lrplugin/tests/test_retry_properties.lua:312: Not yet
[2026-01-30 15:00:55] [INFO] PikSendRetry: Retrying unknown (attempt 3/10)
[2026-01-30 15:00:55] [WARN] PikSendRetry: Attempt 4/11 failed for unknown: PikSend.lrplugin/tests/test_retry_properties.lua:312: Not yet
[2026-01-30 15:00:55] [INFO] PikSendRetry: Retrying unknown (attempt 4/10)
[2026-01-30 15:00:55] [INFO] PikSendRetry: Retry successful for unknown after 4 attempt(s)
[2026-01-30 15:00:55] [WARN] PikSendRetry: Attempt 1/11 failed for unknown: PikSend.lrplugin/tests/test_retry_properties.lua:312: Not yet
[2026-01-30 15:00:55] [INFO] PikSendRetry: Retrying unknown (attempt 1/10)
[2026-01-30 15:00:55] [WARN] PikSendRetry: Attempt 2/11 failed for unknown: PikSend.lrplugin/tests/test_retry_properties.lua:312: Not yet
[2026-01-30 15:00:55] [INFO] PikSendRetry: Retrying unknown (attempt 2/10)
[2026-01-30 15:00:55] [WARN] PikSendRetry: Attempt 3/11 failed for unknown: PikSend.lrplugin/tests/test_retry_properties.lua:312: Not yet
[2026-01-30 15:00:55] [INFO] PikSendRetry: Retrying unknown (attempt 3/10)
[2026-01-30 15:00:55] [INFO] PikSendRetry: Retry successful for unknown after 3 attempt(s)
[2026-01-30 15:00:55] [WARN] PikSendRetry: Attempt 1/11 failed for unknown: PikSend.lrplugin/tests/test_retry_properties.lua:312: Not yet
[2026-01-30 15:00:55] [INFO] PikSendRetry: Retrying unknown (attempt 1/10)
[2026-01-30 15:00:55] [WARN] PikSendRetry: Attempt 2/11 failed for unknown: PikSend.lrplugin/tests/test_retry_properties.lua:312: Not yet
[2026-01-30 15:00:55] [INFO] PikSendRetry: Retrying unknown (attempt 2/10)
[2026-01-30 15:00:55] [WARN] PikSendRetry: Attempt 3/11 failed for unknown: PikSend.lrplugin/tests/test_retry_properties.lua:312: Not yet
[2026-01-30 15:00:55] [INFO] PikSendRetry: Retrying unknown (attempt 3/10)
[2026-01-30 15:00:55] [INFO] PikSendRetry: Retry successful for unknown after 3 attempt(s)
[2026-01-30 15:00:55] [WARN] PikSendRetry: Attempt 1/11 failed for unknown: PikSend.lrplugin/tests/test_retry_properties.lua:312: Not yet
[2026-01-30 15:00:55] [INFO] PikSendRetry: Retrying unknown (attempt 1/10)
[2026-01-30 15:00:55] [WARN] PikSendRetry: Attempt 2/11 failed for unknown: PikSend.lrplugin/tests/test_retry_properties.lua:312: Not yet
[2026-01-30 15:00:55] [INFO] PikSendRetry: Retrying unknown (attempt 2/10)
[2026-01-30 15:00:55] [INFO] PikSendRetry: Retry successful for unknown after 2 attempt(s)
[2026-01-30 15:00:55] [WARN] PikSendRetry: Attempt 1/11 failed for unknown: PikSend.lrplugin/tests/test_retry_properties.lua:312: Not yet
[2026-01-30 15:00:55] [INFO] PikSendRetry: Retrying unknown (attempt 1/10)
[2026-01-30 15:00:55] [INFO] PikSendRetry: Retry successful for unknown after 1 attempt(s)
[2026-01-30 15:00:55] [WARN] PikSendRetry: Attempt 1/11 failed for unknown: PikSend.lrplugin/tests/test_retry_properties.lua:312: Not yet
[2026-01-30 15:00:55] [INFO] PikSendRetry: Retrying unknown (attempt 1/10)
[2026-01-30 15:00:55] [WARN] PikSendRetry: Attempt 2/11 failed for unknown: PikSend.lrplugin/tests/test_retry_properties.lua:312: Not yet
[2026-01-30 15:00:55] [INFO] PikSendRetry: Retrying unknown (attempt 2/10)
[2026-01-30 15:00:55] [WARN] PikSendRetry: Attempt 3/11 failed for unknown: PikSend.lrplugin/tests/test_retry_properties.lua:312: Not yet
[2026-01-30 15:00:55] [INFO] PikSendRetry: Retrying unknown (attempt 3/10)
[2026-01-30 15:00:55] [WARN] PikSendRetry: Attempt 4/11 failed for unknown: PikSend.lrplugin/tests/test_retry_properties.lua:312: Not yet
[2026-01-30 15:00:55] [INFO] PikSendRetry: Retrying unknown (attempt 4/10)
[2026-01-30 15:00:55] [INFO] PikSendRetry: Retry successful for unknown after 4 attempt(s)
[2026-01-30 15:00:55] [WARN] PikSendRetry: Attempt 1/11 failed for unknown: PikSend.lrplugin/tests/test_retry_properties.lua:312: Not yet
[2026-01-30 15:00:55] [INFO] PikSendRetry: Retrying unknown (attempt 1/10)
[2026-01-30 15:00:55] [INFO] PikSendRetry: Retry successful for unknown after 1 attempt(s)
[2026-01-30 15:00:55] [WARN] PikSendRetry: Attempt 1/11 failed for unknown: PikSend.lrplugin/tests/test_retry_properties.lua:312: Not yet
[2026-01-30 15:00:55] [INFO] PikSendRetry: Retrying unknown (attempt 1/10)
[2026-01-30 15:00:55] [INFO] PikSendRetry: Retry successful for unknown after 1 attempt(s)
[2026-01-30 15:00:55] [WARN] PikSendRetry: Attempt 1/11 failed for unknown: PikSend.lrplugin/tests/test_retry_properties.lua:312: Not yet
[2026-01-30 15:00:55] [INFO] PikSendRetry: Retrying unknown (attempt 1/10)
[2026-01-30 15:00:55] [WARN] PikSendRetry: Attempt 2/11 failed for unknown: PikSend.lrplugin/tests/test_retry_properties.lua:312: Not yet
[2026-01-30 15:00:55] [INFO] PikSendRetry: Retrying unknown (attempt 2/10)
[2026-01-30 15:00:55] [WARN] PikSendRetry: Attempt 3/11 failed for unknown: PikSend.lrplugin/tests/test_retry_properties.lua:312: Not yet
[2026-01-30 15:00:55] [INFO] PikSendRetry: Retrying unknown (attempt 3/10)
[2026-01-30 15:00:55] [INFO] PikSendRetry: Retry successful for unknown after 3 attempt(s)
[2026-01-30 15:00:55] [WARN] PikSendRetry: Attempt 1/11 failed for unknown: PikSend.lrplugin/tests/test_retry_properties.lua:312: Not yet
[2026-01-30 15:00:55] [INFO] PikSendRetry: Retrying unknown (attempt 1/10)
[2026-01-30 15:00:55] [WARN] PikSendRetry: Attempt 2/11 failed for unknown: PikSend.lrplugin/tests/test_retry_properties.lua:312: Not yet
[2026-01-30 15:00:55] [INFO] PikSendRetry: Retrying unknown (attempt 2/10)
[2026-01-30 15:00:55] [INFO] PikSendRetry: Retry successful for unknown after 2 attempt(s)
[2026-01-30 15:00:55] [WARN] PikSendRetry: Attempt 1/11 failed for unknown: PikSend.lrplugin/tests/test_retry_properties.lua:312: Not yet
[2026-01-30 15:00:55] [INFO] PikSendRetry: Retrying unknown (attempt 1/10)
[2026-01-30 15:00:55] [WARN] PikSendRetry: Attempt 2/11 failed for unknown: PikSend.lrplugin/tests/test_retry_properties.lua:312: Not yet
[2026-01-30 15:00:55] [INFO] PikSendRetry: Retrying unknown (attempt 2/10)
[2026-01-30 15:00:55] [WARN] PikSendRetry: Attempt 3/11 failed for unknown: PikSend.lrplugin/tests/test_retry_properties.lua:312: Not yet
[2026-01-30 15:00:55] [INFO] PikSendRetry: Retrying unknown (attempt 3/10)
[2026-01-30 15:00:55] [INFO] PikSendRetry: Retry successful for unknown after 3 attempt(s)
[2026-01-30 15:00:55] [WARN] PikSendRetry: Attempt 1/11 failed for unknown: PikSend.lrplugin/tests/test_retry_properties.lua:312: Not yet
[2026-01-30 15:00:55] [INFO] PikSendRetry: Retrying unknown (attempt 1/10)
[2026-01-30 15:00:55] [WARN] PikSendRetry: Attempt 2/11 failed for unknown: PikSend.lrplugin/tests/test_retry_properties.lua:312: Not yet
[2026-01-30 15:00:55] [INFO] PikSendRetry: Retrying unknown (attempt 2/10)
[2026-01-30 15:00:55] [INFO] PikSendRetry: Retry successful for unknown after 2 attempt(s)
[2026-01-30 15:00:55] [WARN] PikSendRetry: Attempt 1/11 failed for unknown: PikSend.lrplugin/tests/test_retry_properties.lua:312: Not yet
[2026-01-30 15:00:55] [INFO] PikSendRetry: Retrying unknown (attempt 1/10)
[2026-01-30 15:00:55] [WARN] PikSendRetry: Attempt 2/11 failed for unknown: PikSend.lrplugin/tests/test_retry_properties.lua:312: Not yet
[2026-01-30 15:00:55] [INFO] PikSendRetry: Retrying unknown (attempt 2/10)
[2026-01-30 15:00:55] [WARN] PikSendRetry: Attempt 3/11 failed for unknown: PikSend.lrplugin/tests/test_retry_properties.lua:312: Not yet
[2026-01-30 15:00:55] [INFO] PikSendRetry: Retrying unknown (attempt 3/10)
[2026-01-30 15:00:55] [INFO] PikSendRetry: Retry successful for unknown after 3 attempt(s)
[2026-01-30 15:00:55] [WARN] PikSendRetry: Attempt 1/11 failed for unknown: PikSend.lrplugin/tests/test_retry_properties.lua:312: Not yet
[2026-01-30 15:00:55] [INFO] PikSendRetry: Retrying unknown (attempt 1/10)
[2026-01-30 15:00:55] [WARN] PikSendRetry: Attempt 2/11 failed for unknown: PikSend.lrplugin/tests/test_retry_properties.lua:312: Not yet
[2026-01-30 15:00:55] [INFO] PikSendRetry: Retrying unknown (attempt 2/10)
[2026-01-30 15:00:55] [WARN] PikSendRetry: Attempt 3/11 failed for unknown: PikSend.lrplugin/tests/test_retry_properties.lua:312: Not yet
[2026-01-30 15:00:55] [INFO] PikSendRetry: Retrying unknown (attempt 3/10)
[2026-01-30 15:00:55] [INFO] PikSendRetry: Retry successful for unknown after 3 attempt(s)
[2026-01-30 15:00:55] [WARN] PikSendRetry: Attempt 1/11 failed for unknown: PikSend.lrplugin/tests/test_retry_properties.lua:312: Not yet
[2026-01-30 15:00:55] [INFO] PikSendRetry: Retrying unknown (attempt 1/10)
[2026-01-30 15:00:55] [INFO] PikSendRetry: Retry successful for unknown after 1 attempt(s)
[2026-01-30 15:00:55] [WARN] PikSendRetry: Attempt 1/11 failed for unknown: PikSend.lrplugin/tests/test_retry_properties.lua:312: Not yet
[2026-01-30 15:00:55] [INFO] PikSendRetry: Retrying unknown (attempt 1/10)
[2026-01-30 15:00:55] [INFO] PikSendRetry: Retry successful for unknown after 1 attempt(s)
[2026-01-30 15:00:55] [WARN] PikSendRetry: Attempt 1/11 failed for unknown: PikSend.lrplugin/tests/test_retry_properties.lua:312: Not yet
[2026-01-30 15:00:55] [INFO] PikSendRetry: Retrying unknown (attempt 1/10)
[2026-01-30 15:00:55] [WARN] PikSendRetry: Attempt 2/11 failed for unknown: PikSend.lrplugin/tests/test_retry_properties.lua:312: Not yet
[2026-01-30 15:00:55] [INFO] PikSendRetry: Retrying unknown (attempt 2/10)
[2026-01-30 15:00:55] [INFO] PikSendRetry: Retry successful for unknown after 2 attempt(s)
[2026-01-30 15:00:55] [WARN] PikSendRetry: Attempt 1/11 failed for unknown: PikSend.lrplugin/tests/test_retry_properties.lua:312: Not yet
[2026-01-30 15:00:55] [INFO] PikSendRetry: Retrying unknown (attempt 1/10)
[2026-01-30 15:00:55] [WARN] PikSendRetry: Attempt 2/11 failed for unknown: PikSend.lrplugin/tests/test_retry_properties.lua:312: Not yet
[2026-01-30 15:00:55] [INFO] PikSendRetry: Retrying unknown (attempt 2/10)
[2026-01-30 15:00:55] [WARN] PikSendRetry: Attempt 3/11 failed for unknown: PikSend.lrplugin/tests/test_retry_properties.lua:312: Not yet
[2026-01-30 15:00:55] [INFO] PikSendRetry: Retrying unknown (attempt 3/10)
[2026-01-30 15:00:55] [WARN] PikSendRetry: Attempt 4/11 failed for unknown: PikSend.lrplugin/tests/test_retry_properties.lua:312: Not yet
[2026-01-30 15:00:55] [INFO] PikSendRetry: Retrying unknown (attempt 4/10)
[2026-01-30 15:00:55] [INFO] PikSendRetry: Retry successful for unknown after 4 attempt(s)
[2026-01-30 15:00:55] [WARN] PikSendRetry: Attempt 1/11 failed for unknown: PikSend.lrplugin/tests/test_retry_properties.lua:312: Not yet
[2026-01-30 15:00:55] [INFO] PikSendRetry: Retrying unknown (attempt 1/10)
[2026-01-30 15:00:55] [WARN] PikSendRetry: Attempt 2/11 failed for unknown: PikSend.lrplugin/tests/test_retry_properties.lua:312: Not yet
[2026-01-30 15:00:55] [INFO] PikSendRetry: Retrying unknown (attempt 2/10)
[2026-01-30 15:00:55] [WARN] PikSendRetry: Attempt 3/11 failed for unknown: PikSend.lrplugin/tests/test_retry_properties.lua:312: Not yet
[2026-01-30 15:00:55] [INFO] PikSendRetry: Retrying unknown (attempt 3/10)
[2026-01-30 15:00:55] [INFO] PikSendRetry: Retry successful for unknown after 3 attempt(s)
[2026-01-30 15:00:55] [WARN] PikSendRetry: Attempt 1/11 failed for unknown: PikSend.lrplugin/tests/test_retry_properties.lua:312: Not yet
[2026-01-30 15:00:55] [INFO] PikSendRetry: Retrying unknown (attempt 1/10)
[2026-01-30 15:00:55] [WARN] PikSendRetry: Attempt 2/11 failed for unknown: PikSend.lrplugin/tests/test_retry_properties.lua:312: Not yet
[2026-01-30 15:00:55] [INFO] PikSendRetry: Retrying unknown (attempt 2/10)
[2026-01-30 15:00:55] [INFO] PikSendRetry: Retry successful for unknown after 2 attempt(s)
[2026-01-30 15:00:55] [WARN] PikSendRetry: Attempt 1/11 failed for unknown: PikSend.lrplugin/tests/test_retry_properties.lua:312: Not yet
[2026-01-30 15:00:55] [INFO] PikSendRetry: Retrying unknown (attempt 1/10)
[2026-01-30 15:00:55] [WARN] PikSendRetry: Attempt 2/11 failed for unknown: PikSend.lrplugin/tests/test_retry_properties.lua:312: Not yet
[2026-01-30 15:00:55] [INFO] PikSendRetry: Retrying unknown (attempt 2/10)
[2026-01-30 15:00:55] [INFO] PikSendRetry: Retry successful for unknown after 2 attempt(s)
[2026-01-30 15:00:55] [WARN] PikSendRetry: Attempt 1/11 failed for unknown: PikSend.lrplugin/tests/test_retry_properties.lua:312: Not yet
[2026-01-30 15:00:55] [INFO] PikSendRetry: Retrying unknown (attempt 1/10)
[2026-01-30 15:00:55] [WARN] PikSendRetry: Attempt 2/11 failed for unknown: PikSend.lrplugin/tests/test_retry_properties.lua:312: Not yet
[2026-01-30 15:00:55] [INFO] PikSendRetry: Retrying unknown (attempt 2/10)
[2026-01-30 15:00:55] [WARN] PikSendRetry: Attempt 3/11 failed for unknown: PikSend.lrplugin/tests/test_retry_properties.lua:312: Not yet
[2026-01-30 15:00:55] [INFO] PikSendRetry: Retrying unknown (attempt 3/10)
[2026-01-30 15:00:55] [WARN] PikSendRetry: Attempt 4/11 failed for unknown: PikSend.lrplugin/tests/test_retry_properties.lua:312: Not yet
[2026-01-30 15:00:55] [INFO] PikSendRetry: Retrying unknown (attempt 4/10)
[2026-01-30 15:00:55] [INFO] PikSendRetry: Retry successful for unknown after 4 attempt(s)
[2026-01-30 15:00:55] [WARN] PikSendRetry: Attempt 1/11 failed for unknown: PikSend.lrplugin/tests/test_retry_properties.lua:312: Not yet
[2026-01-30 15:00:55] [INFO] PikSendRetry: Retrying unknown (attempt 1/10)
[2026-01-30 15:00:55] [INFO] PikSendRetry: Retry successful for unknown after 1 attempt(s)
